stride,array_size,l1_miss_rate
10,1500,2.29
10,1501,2.29
10,1502,2.29
10,1503,2.29
10,1504,2.29
10,1505,2.29
10,1506,2.29
10,1507,2.29
10,1508,2.29
10,1509,2.29
10,1510,2.29
10,1511,2.32
10,1512,2.32
10,1513,2.32
10,1514,2.32
10,1515,2.32
10,1516,2.32
10,1517,2.32
10,1518,2.32
10,1519,2.32
10,1520,2.32
10,1521,2.34
10,1522,2.34
10,1523,2.34
10,1524,2.34
10,1525,2.34
10,1526,2.34
10,1527,2.34
10,1528,2.34
10,1529,2.34
10,1530,2.34
10,1531,2.34
10,1532,2.34
10,1533,2.34
10,1534,2.34
10,1535,2.34
10,1536,2.34
10,1537,2.34
10,1538,2.34
10,1539,2.34
10,1540,2.34
10,1541,2.36
10,1542,2.36
10,1543,2.36
10,1544,2.36
10,1545,2.36
10,1546,2.36
10,1547,2.36
10,1548,2.36
10,1549,2.36
10,1550,2.36
10,1551,2.36
10,1552,2.36
10,1553,2.36
10,1554,2.36
10,1555,2.36
10,1556,2.36
10,1557,2.36
10,1558,2.36
10,1559,2.36
10,1560,2.36
10,1561,2.39
10,1562,2.39
10,1563,2.39
10,1564,2.39
10,1565,2.39
10,1566,2.39
10,1567,2.39
10,1568,2.39
10,1569,2.39
10,1570,2.39
10,1571,2.42
10,1572,2.42
10,1573,2.42
10,1574,2.42
10,1575,2.42
10,1576,2.42
10,1577,2.42
10,1578,2.42
10,1579,2.42
10,1580,2.42
10,1581,2.42
10,1582,2.42
10,1583,2.42
10,1584,2.42
10,1585,2.42
10,1586,2.42
10,1587,2.42
10,1588,2.42
10,1589,2.42
10,1590,2.42
10,1591,2.44
10,1592,2.44
10,1593,2.44
10,1594,2.44
10,1595,2.44
10,1596,2.44
10,1597,2.44
10,1598,2.44
10,1599,2.44
10,1600,2.44
10,1601,2.46
10,1602,2.46
10,1603,2.46
10,1604,2.46
10,1605,2.46
10,1606,2.46
10,1607,2.46
10,1608,2.46
10,1609,2.46
10,1610,2.46
10,1611,2.46
10,1612,2.46
10,1613,2.46
10,1614,2.46
10,1615,2.46
10,1616,2.46
10,1617,2.46
10,1618,2.46
10,1619,2.46
10,1620,2.46
10,1621,2.49
10,1622,2.49
10,1623,2.49
10,1624,2.49
10,1625,2.49
10,1626,2.49
10,1627,2.49
10,1628,2.49
10,1629,2.49
10,1630,2.49
10,1631,2.49
10,1632,2.49
10,1633,2.49
10,1634,2.49
10,1635,2.49
10,1636,2.49
10,1637,2.49
10,1638,2.49
10,1639,2.49
10,1640,2.49
10,1641,2.51
10,1642,2.51
10,1643,2.51
10,1644,2.51
10,1645,2.51
10,1646,2.51
10,1647,2.51
10,1648,2.51
10,1649,2.51
10,1650,2.51
10,1651,2.54
10,1652,2.54
10,1653,2.54
10,1654,2.54
10,1655,2.54
10,1656,2.54
10,1657,2.54
10,1658,2.54
10,1659,2.54
10,1660,2.54
10,1661,2.54
10,1662,2.54
10,1663,2.54
10,1664,2.54
10,1665,2.54
10,1666,2.54
10,1667,2.54
10,1668,2.54
10,1669,2.54
10,1670,2.54
10,1671,2.56
10,1672,2.56
10,1673,2.56
10,1674,2.56
10,1675,2.56
10,1676,2.56
10,1677,2.56
10,1678,2.56
10,1679,2.56
10,1680,2.56
10,1681,2.58
10,1682,2.58
10,1683,2.58
10,1684,2.58
10,1685,2.58
10,1686,2.58
10,1687,2.58
10,1688,2.58
10,1689,2.58
10,1690,2.58
10,1691,2.58
10,1692,2.58
10,1693,2.58
10,1694,2.58
10,1695,2.58
10,1696,2.58
10,1697,2.58
10,1698,2.58
10,1699,2.58
10,1700,2.58
10,1701,2.61
10,1702,2.61
10,1703,2.61
10,1704,2.61
10,1705,2.61
10,1706,2.61
10,1707,2.61
10,1708,2.61
10,1709,2.61
10,1710,2.61
10,1711,2.61
10,1712,2.61
10,1713,2.61
10,1714,2.61
10,1715,2.61
10,1716,2.61
10,1717,2.61
10,1718,2.61
10,1719,2.61
10,1720,2.61
10,1721,2.64
10,1722,2.64
10,1723,2.64
10,1724,2.64
10,1725,2.64
10,1726,2.64
10,1727,2.64
10,1728,2.64
10,1729,2.64
10,1730,2.64
10,1731,2.66
10,1732,2.66
10,1733,2.66
10,1734,2.66
10,1735,2.66
10,1736,2.66
10,1737,2.66
10,1738,2.66
10,1739,2.66
10,1740,2.66
10,1741,2.66
10,1742,2.66
10,1743,2.66
10,1744,2.66
10,1745,2.66
10,1746,2.66
10,1747,2.66
10,1748,2.66
10,1749,2.66
10,1750,2.66
10,1751,2.68
10,1752,2.68
10,1753,2.68
10,1754,2.68
10,1755,2.68
10,1756,2.68
10,1757,2.68
10,1758,2.68
10,1759,2.68
10,1760,2.68
10,1761,2.71
10,1762,2.71
10,1763,2.71
10,1764,2.71
10,1765,2.71
10,1766,2.71
10,1767,2.71
10,1768,2.71
10,1769,2.71
10,1770,2.71
10,1771,2.71
10,1772,2.71
10,1773,2.71
10,1774,2.71
10,1775,2.71
10,1776,2.71
10,1777,2.71
10,1778,2.71
10,1779,2.71
10,1780,2.71
10,1781,2.73
10,1782,2.73
10,1783,2.73
10,1784,2.73
10,1785,2.73
10,1786,2.73
10,1787,2.73
10,1788,2.73
10,1789,2.73
10,1790,2.73
10,1791,2.73
10,1792,2.73
10,1793,2.73
10,1794,2.73
10,1795,2.73
10,1796,2.73
10,1797,2.73
10,1798,2.73
10,1799,2.73
10,1800,2.73
10,1801,2.75
10,1802,2.75
10,1803,2.75
10,1804,2.75
10,1805,2.75
10,1806,2.75
10,1807,2.75
10,1808,2.75
10,1809,2.75
10,1810,2.75
10,1811,2.78
10,1812,2.78
10,1813,2.78
10,1814,2.78
10,1815,2.78
10,1816,2.78
10,1817,2.78
10,1818,2.78
10,1819,2.78
10,1820,2.78
10,1821,2.78
10,1822,2.78
10,1823,2.78
10,1824,2.78
10,1825,2.78
10,1826,2.78
10,1827,2.78
10,1828,2.78
10,1829,2.78
10,1830,2.78
10,1831,2.81
10,1832,2.81
10,1833,2.81
10,1834,2.81
10,1835,2.81
10,1836,2.81
10,1837,2.81
10,1838,2.81
10,1839,2.81
10,1840,2.81
10,1841,2.83
10,1842,2.83
10,1843,2.83
10,1844,2.83
10,1845,2.83
10,1846,2.83
10,1847,2.83
10,1848,2.83
10,1849,2.83
10,1850,2.83
10,1851,2.83
10,1852,2.83
10,1853,2.83
10,1854,2.83
10,1855,2.83
10,1856,2.83
10,1857,2.83
10,1858,2.83
10,1859,2.83
10,1860,2.83
10,1861,2.85
10,1862,2.85
10,1863,2.85
10,1864,2.85
10,1865,2.85
10,1866,2.85
10,1867,2.85
10,1868,2.85
10,1869,2.85
10,1870,2.85
10,1871,2.85
10,1872,2.85
10,1873,2.85
10,1874,2.85
10,1875,2.85
10,1876,2.85
10,1877,2.85
10,1878,2.85
10,1879,2.85
10,1880,2.85
10,1881,2.88
10,1882,2.88
10,1883,2.88
10,1884,2.88
10,1885,2.88
10,1886,2.88
10,1887,2.88
10,1888,2.88
10,1889,2.88
10,1890,2.88
10,1891,2.90
10,1892,2.90
10,1893,2.90
10,1894,2.90
10,1895,2.90
10,1896,2.90
10,1897,2.90
10,1898,2.90
10,1899,2.90
10,1900,2.90
10,1901,2.90
10,1902,2.90
10,1903,2.90
10,1904,2.90
10,1905,2.90
10,1906,2.90
10,1907,2.90
10,1908,2.90
10,1909,2.90
10,1910,2.90
10,1911,2.93
10,1912,2.93
10,1913,2.93
10,1914,2.93
10,1915,2.93
10,1916,2.93
10,1917,2.93
10,1918,2.93
10,1919,2.93
10,1920,2.93
10,1921,2.95
10,1922,2.95
10,1923,2.95
10,1924,2.95
10,1925,2.95
10,1926,2.95
10,1927,2.95
10,1928,2.95
10,1929,2.95
10,1930,2.95
10,1931,2.95
10,1932,2.95
10,1933,2.95
10,1934,2.95
10,1935,2.95
10,1936,2.95
10,1937,2.95
10,1938,2.95
10,1939,2.95
10,1940,2.95
10,1941,2.98
10,1942,2.98
10,1943,2.98
10,1944,2.98
10,1945,2.98
10,1946,2.98
10,1947,2.98
10,1948,2.98
10,1949,2.98
10,1950,2.98
10,1951,2.98
10,1952,2.98
10,1953,2.98
10,1954,2.98
10,1955,2.98
10,1956,2.98
10,1957,2.98
10,1958,2.98
10,1959,2.98
10,1960,2.98
10,1961,3.00
10,1962,3.00
10,1963,3.00
10,1964,3.00
10,1965,3.00
10,1966,3.00
10,1967,3.00
10,1968,3.00
10,1969,3.00
10,1970,3.00
10,1971,3.03
10,1972,3.03
10,1973,3.03
10,1974,3.03
10,1975,3.03
10,1976,3.03
10,1977,3.03
10,1978,3.03
10,1979,3.03
10,1980,3.03
10,1981,3.03
10,1982,3.03
10,1983,3.03
10,1984,3.03
10,1985,3.03
10,1986,3.03
10,1987,3.03
10,1988,3.03
10,1989,3.03
10,1990,3.03
10,1991,3.05
10,1992,3.05
10,1993,3.05
10,1994,3.05
10,1995,3.05
10,1996,3.05
10,1997,3.05
10,1998,3.05
10,1999,3.05
10,2000,3.05
10,2001,3.07
10,2002,3.07
10,2003,3.07
10,2004,3.07
10,2005,3.07
10,2006,3.07
10,2007,3.07
10,2008,3.07
10,2009,3.07
10,2010,3.07
10,2011,3.07
10,2012,3.07
10,2013,3.07
10,2014,3.07
10,2015,3.07
10,2016,3.07
10,2017,3.07
10,2018,3.07
10,2019,3.07
10,2020,3.07
10,2021,3.10
10,2022,3.10
10,2023,3.10
10,2024,3.10
10,2025,3.10
10,2026,3.10
10,2027,3.10
10,2028,3.10
10,2029,3.10
10,2030,3.10
10,2031,3.10
10,2032,3.10
10,2033,3.10
10,2034,3.10
10,2035,3.10
10,2036,3.10
10,2037,3.10
10,2038,3.10
10,2039,3.10
10,2040,3.10
10,2041,3.12
10,2042,3.12
10,2043,3.12
10,2044,3.12
10,2045,3.12
10,2046,3.12
10,2047,3.12
10,2048,3.12
10,2049,3.12
10,2050,3.12
10,2051,4.69
10,2052,4.69
10,2053,4.69
10,2054,4.69
10,2055,4.69
10,2056,4.69
10,2057,4.69
10,2058,4.69
10,2059,4.69
10,2060,4.69
10,2061,4.69
10,2062,4.69
10,2063,4.69
10,2064,4.69
10,2065,4.69
10,2066,4.69
10,2067,4.69
10,2068,4.69
10,2069,4.69
10,2070,4.69
10,2071,6.25
10,2072,6.25
10,2073,6.25
10,2074,6.25
10,2075,6.25
10,2076,6.25
10,2077,6.25
10,2078,6.25
10,2079,6.25
10,2080,6.25
10,2081,7.81
10,2082,7.81
10,2083,7.81
10,2084,7.81
10,2085,7.81
10,2086,7.81
10,2087,7.81
10,2088,7.81
10,2089,7.81
10,2090,7.81
10,2091,7.76
10,2092,7.76
10,2093,7.76
10,2094,7.76
10,2095,7.76
10,2096,7.76
10,2097,7.76
10,2098,7.76
10,2099,7.76
10,2100,7.76
10,2101,9.28
10,2102,9.28
10,2103,9.28
10,2104,9.28
10,2105,9.28
10,2106,9.28
10,2107,9.28
10,2108,9.28
10,2109,9.28
10,2110,9.28
10,2111,9.28
10,2112,9.28
10,2113,9.28
10,2114,9.28
10,2115,9.28
10,2116,9.28
10,2117,9.28
10,2118,9.28
10,2119,9.28
10,2120,9.28
10,2121,10.69
10,2122,10.69
10,2123,10.69
10,2124,10.69
10,2125,10.69
10,2126,10.69
10,2127,10.69
10,2128,10.69
10,2129,10.69
10,2130,10.69
10,2131,12.21
10,2132,12.21
10,2133,12.21
10,2134,12.21
10,2135,12.21
10,2136,12.21
10,2137,12.21
10,2138,12.21
10,2139,12.21
10,2140,12.21
10,2141,12.21
10,2142,12.21
10,2143,12.21
10,2144,12.21
10,2145,12.21
10,2146,12.21
10,2147,12.21
10,2148,12.21
10,2149,12.21
10,2150,12.21
10,2151,13.59
10,2152,13.59
10,2153,13.59
10,2154,13.59
10,2155,13.59
10,2156,13.59
10,2157,13.59
10,2158,13.59
10,2159,13.59
10,2160,13.59
10,2161,15.04
10,2162,15.04
10,2163,15.04
10,2164,15.04
10,2165,15.04
10,2166,15.04
10,2167,15.04
10,2168,15.04
10,2169,15.04
10,2170,15.04
10,2171,15.04
10,2172,15.04
10,2173,15.04
10,2174,15.04
10,2175,15.04
10,2176,15.04
10,2177,15.04
10,2178,15.04
10,2179,15.04
10,2180,15.04
10,2181,16.31
10,2182,16.31
10,2183,16.31
10,2184,16.31
10,2185,16.31
10,2186,16.31
10,2187,16.31
10,2188,16.31
10,2189,16.31
10,2190,16.31
10,2191,16.31
10,2192,16.31
10,2193,16.31
10,2194,16.31
10,2195,16.31
10,2196,16.31
10,2197,16.31
10,2198,16.31
10,2199,16.31
10,2200,16.31
10,2201,17.77
10,2202,17.77
10,2203,17.77
10,2204,17.77
10,2205,17.77
10,2206,17.77
10,2207,17.77
10,2208,17.77
10,2209,17.77
10,2210,17.77
10,2211,19.24
10,2212,19.24
10,2213,19.24
10,2214,19.24
10,2215,19.24
10,2216,19.24
10,2217,19.24
10,2218,19.24
10,2219,19.24
10,2220,19.24
10,2221,19.24
10,2222,19.24
10,2223,19.24
10,2224,19.24
10,2225,19.24
10,2226,19.24
10,2227,19.24
10,2228,19.24
10,2229,19.24
10,2230,19.24
10,2231,20.61
10,2232,20.61
10,2233,20.61
10,2234,20.61
10,2235,20.61
10,2236,20.61
10,2237,20.61
10,2238,20.61
10,2239,20.61
10,2240,20.61
10,2241,21.85
10,2242,21.85
10,2243,21.85
10,2244,21.85
10,2245,21.85
10,2246,21.85
10,2247,21.85
10,2248,21.85
10,2249,21.85
10,2250,21.85
10,2251,21.85
10,2252,21.85
10,2253,21.85
10,2254,21.85
10,2255,21.85
10,2256,21.85
10,2257,21.85
10,2258,21.85
10,2259,21.85
10,2260,21.85
10,2261,23.09
10,2262,23.09
10,2263,23.09
10,2264,23.09
10,2265,23.09
10,2266,23.09
10,2267,23.09
10,2268,23.09
10,2269,23.09
10,2270,23.09
10,2271,22.95
10,2272,22.95
10,2273,22.95
10,2274,22.95
10,2275,22.95
10,2276,22.95
10,2277,22.95
10,2278,22.95
10,2279,22.95
10,2280,22.95
10,2281,24.36
10,2282,24.36
10,2283,24.36
10,2284,24.36
10,2285,24.36
10,2286,24.36
10,2287,24.36
10,2288,24.36
10,2289,24.36
10,2290,24.36
10,2291,25.78
10,2292,25.78
10,2293,25.78
10,2294,25.78
10,2295,25.78
10,2296,25.78
10,2297,25.78
10,2298,25.78
10,2299,25.78
10,2300,25.78
10,2301,25.63
10,2302,25.63
10,2303,25.63
10,2304,25.63
10,2305,25.63
10,2306,25.63
10,2307,25.63
10,2308,25.63
10,2309,25.63
10,2310,25.63
10,2311,26.78
10,2312,26.78
10,2313,26.78
10,2314,26.78
10,2315,26.78
10,2316,26.78
10,2317,26.78
10,2318,26.78
10,2319,26.78
10,2320,26.78
10,2321,28.17
10,2322,28.17
10,2323,28.17
10,2324,28.17
10,2325,28.17
10,2326,28.17
10,2327,28.17
10,2328,28.17
10,2329,28.17
10,2330,28.17
10,2331,27.98
10,2332,27.98
10,2333,27.98
10,2334,27.98
10,2335,27.98
10,2336,27.98
10,2337,27.98
10,2338,27.98
10,2339,27.98
10,2340,27.98
10,2341,29.10
10,2342,29.10
10,2343,29.10
10,2344,29.10
10,2345,29.10
10,2346,29.10
10,2347,29.10
10,2348,29.10
10,2349,29.10
10,2350,29.10
10,2351,29.10
10,2352,29.10
10,2353,29.10
10,2354,29.10
10,2355,29.10
10,2356,29.10
10,2357,29.10
10,2358,29.10
10,2359,29.10
10,2360,29.10
10,2361,30.47
10,2362,30.47
10,2363,30.47
10,2364,30.47
10,2365,30.47
10,2366,30.47
10,2367,30.47
10,2368,30.47
10,2369,30.47
10,2370,30.47
10,2371,31.84
10,2372,31.84
10,2373,31.84
10,2374,31.84
10,2375,31.84
10,2376,31.84
10,2377,31.84
10,2378,31.84
10,2379,31.84
10,2380,31.84
10,2381,31.81
10,2382,31.81
10,2383,31.81
10,2384,31.81
10,2385,31.81
10,2386,31.81
10,2387,31.81
10,2388,31.81
10,2389,31.81
10,2390,31.81
10,2391,32.91
10,2392,32.91
10,2393,32.91
10,2394,32.91
10,2395,32.91
10,2396,32.91
10,2397,32.91
10,2398,32.91
10,2399,32.91
10,2400,32.91
10,2401,33.98
10,2402,33.98
10,2403,33.98
10,2404,33.98
10,2405,33.98
10,2406,33.98
10,2407,33.98
10,2408,33.98
10,2409,33.98
10,2410,33.98
10,2411,33.74
10,2412,33.74
10,2413,33.74
10,2414,33.74
10,2415,33.74
10,2416,33.74
10,2417,33.74
10,2418,33.74
10,2419,33.74
10,2420,33.74
10,2421,34.81
10,2422,34.81
10,2423,34.81
10,2424,34.81
10,2425,34.81
10,2426,34.81
10,2427,34.81
10,2428,34.81
10,2429,34.81
10,2430,34.81
10,2431,34.77
10,2432,34.77
10,2433,34.77
10,2434,34.77
10,2435,34.77
10,2436,34.77
10,2437,34.77
10,2438,34.77
10,2439,34.77
10,2440,34.77
10,2441,36.08
10,2442,36.08
10,2443,36.08
10,2444,36.08
10,2445,36.08
10,2446,36.08
10,2447,36.08
10,2448,36.08
10,2449,36.08
10,2450,36.08
10,2451,37.40
10,2452,37.40
10,2453,37.40
10,2454,37.40
10,2455,37.40
10,2456,37.40
10,2457,37.40
10,2458,37.40
10,2459,37.40
10,2460,37.40
10,2461,37.35
10,2462,37.35
10,2463,37.35
10,2464,37.35
10,2465,37.35
10,2466,37.35
10,2467,37.35
10,2468,37.35
10,2469,37.35
10,2470,37.35
10,2471,38.45
10,2472,38.45
10,2473,38.45
10,2474,38.45
10,2475,38.45
10,2476,38.45
10,2477,38.45
10,2478,38.45
10,2479,38.45
10,2480,38.45
10,2481,39.50
10,2482,39.50
10,2483,39.50
10,2484,39.50
10,2485,39.50
10,2486,39.50
10,2487,39.50
10,2488,39.50
10,2489,39.50
10,2490,39.50
10,2491,39.36
10,2492,39.36
10,2493,39.36
10,2494,39.36
10,2495,39.36
10,2496,39.36
10,2497,39.36
10,2498,39.36
10,2499,39.36
10,2500,39.36
10,2501,40.38
10,2502,40.38
10,2503,40.38
10,2504,40.38
10,2505,40.38
10,2506,40.38
10,2507,40.38
10,2508,40.38
10,2509,40.38
10,2510,40.38
10,2511,40.14
10,2512,40.14
10,2513,40.14
10,2514,40.14
10,2515,40.14
10,2516,40.14
10,2517,40.14
10,2518,40.14
10,2519,40.14
10,2520,40.14
10,2521,41.21
10,2522,41.21
10,2523,41.21
10,2524,41.21
10,2525,41.21
10,2526,41.21
10,2527,41.21
10,2528,41.21
10,2529,41.21
10,2530,41.21
10,2531,42.48
10,2532,42.48
10,2533,42.48
10,2534,42.48
10,2535,42.48
10,2536,42.48
10,2537,42.48
10,2538,42.48
10,2539,42.48
10,2540,42.48
10,2541,42.48
10,2542,42.48
10,2543,42.48
10,2544,42.48
10,2545,42.48
10,2546,42.48
10,2547,42.48
10,2548,42.48
10,2549,42.48
10,2550,42.48
10,2551,43.75
10,2552,43.75
10,2553,43.75
10,2554,43.75
10,2555,43.75
10,2556,43.75
10,2557,43.75
10,2558,43.75
10,2559,43.75
10,2560,43.75
10,2561,43.77
10,2562,43.77
10,2563,43.77
10,2564,43.77
10,2565,43.77
10,2566,43.77
10,2567,43.77
10,2568,43.77
10,2569,43.77
10,2570,43.77
10,2571,43.53
10,2572,43.53
10,2573,43.53
10,2574,43.53
10,2575,43.53
10,2576,43.53
10,2577,43.53
10,2578,43.53
10,2579,43.53
10,2580,43.53
10,2581,43.55
10,2582,43.55
10,2583,43.55
10,2584,43.55
10,2585,43.55
10,2586,43.55
10,2587,43.55
10,2588,43.55
10,2589,43.55
10,2590,43.55
10,2591,43.31
10,2592,43.31
10,2593,43.31
10,2594,43.31
10,2595,43.31
10,2596,43.31
10,2597,43.31
10,2598,43.31
10,2599,43.31
10,2600,43.31
10,2601,43.34
10,2602,43.34
10,2603,43.34
10,2604,43.34
10,2605,43.34
10,2606,43.34
10,2607,43.34
10,2608,43.34
10,2609,43.34
10,2610,43.34
10,2611,43.36
10,2612,43.36
10,2613,43.36
10,2614,43.36
10,2615,43.36
10,2616,43.36
10,2617,43.36
10,2618,43.36
10,2619,43.36
10,2620,43.36
10,2621,43.26
10,2622,43.26
10,2623,43.26
10,2624,43.26
10,2625,43.26
10,2626,43.26
10,2627,43.26
10,2628,43.26
10,2629,43.26
10,2630,43.26
10,2631,43.53
10,2632,43.53
10,2633,43.53
10,2634,43.53
10,2635,43.53
10,2636,43.53
10,2637,43.53
10,2638,43.53
10,2639,43.53
10,2640,43.53
10,2641,43.80
10,2642,43.80
10,2643,43.80
10,2644,43.80
10,2645,43.80
10,2646,43.80
10,2647,43.80
10,2648,43.80
10,2649,43.80
10,2650,43.80
10,2651,43.70
10,2652,43.70
10,2653,43.70
10,2654,43.70
10,2655,43.70
10,2656,43.70
10,2657,43.70
10,2658,43.70
10,2659,43.70
10,2660,43.70
10,2661,43.73
10,2662,43.73
10,2663,43.73
10,2664,43.73
10,2665,43.73
10,2666,43.73
10,2667,43.73
10,2668,43.73
10,2669,43.73
10,2670,43.73
10,2671,43.48
10,2672,43.48
10,2673,43.48
10,2674,43.48
10,2675,43.48
10,2676,43.48
10,2677,43.48
10,2678,43.48
10,2679,43.48
10,2680,43.48
10,2681,43.51
10,2682,43.51
10,2683,43.51
10,2684,43.51
10,2685,43.51
10,2686,43.51
10,2687,43.51
10,2688,43.51
10,2689,43.51
10,2690,43.51
10,2691,43.53
10,2692,43.53
10,2693,43.53
10,2694,43.53
10,2695,43.53
10,2696,43.53
10,2697,43.53
10,2698,43.53
10,2699,43.53
10,2700,43.53
10,2701,43.28
10,2702,43.28
10,2703,43.28
10,2704,43.28
10,2705,43.28
10,2706,43.28
10,2707,43.28
10,2708,43.28
10,2709,43.28
10,2710,43.28
10,2711,43.36
10,2712,43.36
10,2713,43.36
10,2714,43.36
10,2715,43.36
10,2716,43.36
10,2717,43.36
10,2718,43.36
10,2719,43.36
10,2720,43.36
10,2721,43.58
10,2722,43.58
10,2723,43.58
10,2724,43.58
10,2725,43.58
10,2726,43.58
10,2727,43.58
10,2728,43.58
10,2729,43.58
10,2730,43.58
10,2731,43.36
10,2732,43.36
10,2733,43.36
10,2734,43.36
10,2735,43.36
10,2736,43.36
10,2737,43.36
10,2738,43.36
10,2739,43.36
10,2740,43.36
10,2741,43.55
10,2742,43.55
10,2743,43.55
10,2744,43.55
10,2745,43.55
10,2746,43.55
10,2747,43.55
10,2748,43.55
10,2749,43.55
10,2750,43.55
10,2751,43.55
10,2752,43.55
10,2753,43.55
10,2754,43.55
10,2755,43.55
10,2756,43.55
10,2757,43.55
10,2758,43.55
10,2759,43.55
10,2760,43.55
10,2761,43.67
10,2762,43.67
10,2763,43.67
10,2764,43.67
10,2765,43.67
10,2766,43.67
10,2767,43.67
10,2768,43.67
10,2769,43.67
10,2770,43.67
10,2771,43.67
10,2772,43.67
10,2773,43.67
10,2774,43.67
10,2775,43.67
10,2776,43.67
10,2777,43.67
10,2778,43.67
10,2779,43.67
10,2780,43.67
10,2781,43.48
10,2782,43.48
10,2783,43.48
10,2784,43.48
10,2785,43.48
10,2786,43.48
10,2787,43.48
10,2788,43.48
10,2789,43.48
10,2790,43.48
10,2791,43.53
10,2792,43.53
10,2793,43.53
10,2794,43.53
10,2795,43.53
10,2796,43.53
10,2797,43.53
10,2798,43.53
10,2799,43.53
10,2800,43.53
10,2801,43.75
10,2802,43.75
10,2803,43.75
10,2804,43.75
10,2805,43.75
10,2806,43.75
10,2807,43.75
10,2808,43.75
10,2809,43.75
10,2810,43.75
10,2811,43.65
10,2812,43.65
10,2813,43.65
10,2814,43.65
10,2815,43.65
10,2816,43.65
10,2817,43.65
10,2818,43.65
10,2819,43.65
10,2820,43.65
10,2821,43.70
10,2822,43.70
10,2823,43.70
10,2824,43.70
10,2825,43.70
10,2826,43.70
10,2827,43.70
10,2828,43.70
10,2829,43.70
10,2830,43.70
10,2831,43.48
10,2832,43.48
10,2833,43.48
10,2834,43.48
10,2835,43.48
10,2836,43.48
10,2837,43.48
10,2838,43.48
10,2839,43.48
10,2840,43.48
10,2841,43.51
10,2842,43.51
10,2843,43.51
10,2844,43.51
10,2845,43.51
10,2846,43.51
10,2847,43.51
10,2848,43.51
10,2849,43.51
10,2850,43.51
10,2851,43.70
10,2852,43.70
10,2853,43.70
10,2854,43.70
10,2855,43.70
10,2856,43.70
10,2857,43.70
10,2858,43.70
10,2859,43.70
10,2860,43.70
10,2861,43.65
10,2862,43.65
10,2863,43.65
10,2864,43.65
10,2865,43.65
10,2866,43.65
10,2867,43.65
10,2868,43.65
10,2869,43.65
10,2870,43.65
10,2871,43.65
10,2872,43.65
10,2873,43.65
10,2874,43.65
10,2875,43.65
10,2876,43.65
10,2877,43.65
10,2878,43.65
10,2879,43.65
10,2880,43.65
10,2881,43.65
10,2882,43.65
10,2883,43.65
10,2884,43.65
10,2885,43.65
10,2886,43.65
10,2887,43.65
10,2888,43.65
10,2889,43.65
10,2890,43.65
10,2891,43.46
10,2892,43.46
10,2893,43.46
10,2894,43.46
10,2895,43.46
10,2896,43.46
10,2897,43.46
10,2898,43.46
10,2899,43.46
10,2900,43.46
10,2901,43.65
10,2902,43.65
10,2903,43.65
10,2904,43.65
10,2905,43.65
10,2906,43.65
10,2907,43.65
10,2908,43.65
10,2909,43.65
10,2910,43.65
10,2911,43.65
10,2912,43.65
10,2913,43.65
10,2914,43.65
10,2915,43.65
10,2916,43.65
10,2917,43.65
10,2918,43.65
10,2919,43.65
10,2920,43.65
10,2921,43.80
10,2922,43.80
10,2923,43.80
10,2924,43.80
10,2925,43.80
10,2926,43.80
10,2927,43.80
10,2928,43.80
10,2929,43.80
10,2930,43.80
10,2931,43.82
10,2932,43.82
10,2933,43.82
10,2934,43.82
10,2935,43.82
10,2936,43.82
10,2937,43.82
10,2938,43.82
10,2939,43.82
10,2940,43.82
10,2941,43.63
10,2942,43.63
10,2943,43.63
10,2944,43.63
10,2945,43.63
10,2946,43.63
10,2947,43.63
10,2948,43.63
10,2949,43.63
10,2950,43.63
10,2951,43.65
10,2952,43.65
10,2953,43.65
10,2954,43.65
10,2955,43.65
10,2956,43.65
10,2957,43.65
10,2958,43.65
10,2959,43.65
10,2960,43.65
10,2961,43.67
10,2962,43.67
10,2963,43.67
10,2964,43.67
10,2965,43.67
10,2966,43.67
10,2967,43.67
10,2968,43.67
10,2969,43.67
10,2970,43.67
10,2971,43.48
10,2972,43.48
10,2973,43.48
10,2974,43.48
10,2975,43.48
10,2976,43.48
10,2977,43.48
10,2978,43.48
10,2979,43.48
10,2980,43.48
10,2981,43.51
10,2982,43.51
10,2983,43.51
10,2984,43.51
10,2985,43.51
10,2986,43.51
10,2987,43.51
10,2988,43.51
10,2989,43.51
10,2990,43.51
10,2991,43.43
10,2992,43.43
10,2993,43.43
10,2994,43.43
10,2995,43.43
10,2996,43.43
10,2997,43.43
10,2998,43.43
10,2999,43.43
10,3000,43.43
10,3001,43.65
10,3002,43.65
10,3003,43.65
10,3004,43.65
10,3005,43.65
10,3006,43.65
10,3007,43.65
10,3008,43.65
10,3009,43.65
10,3010,43.65
10,3011,43.87
10,3012,43.87
10,3013,43.87
10,3014,43.87
10,3015,43.87
10,3016,43.87
10,3017,43.87
10,3018,43.87
10,3019,43.87
10,3020,43.87
10,3021,43.87
10,3022,43.87
10,3023,43.87
10,3024,43.87
10,3025,43.87
10,3026,43.87
10,3027,43.87
10,3028,43.87
10,3029,43.87
10,3030,43.87
10,3031,43.95
10,3032,43.95
10,3033,43.95
10,3034,43.95
10,3035,43.95
10,3036,43.95
10,3037,43.95
10,3038,43.95
10,3039,43.95
10,3040,43.95
10,3041,43.97
10,3042,43.97
10,3043,43.97
10,3044,43.97
10,3045,43.97
10,3046,43.97
10,3047,43.97
10,3048,43.97
10,3049,43.97
10,3050,43.97
10,3051,43.77
10,3052,43.77
10,3053,43.77
10,3054,43.77
10,3055,43.77
10,3056,43.77
10,3057,43.77
10,3058,43.77
10,3059,43.77
10,3060,43.77
10,3061,43.80
10,3062,43.80
10,3063,43.80
10,3064,43.80
10,3065,43.80
10,3066,43.80
10,3067,43.80
10,3068,43.80
10,3069,43.80
10,3070,43.80
10,3071,43.58
10,3072,43.58
10,3073,43.58
10,3074,43.58
10,3075,43.58
10,3076,43.58
10,3077,43.58
10,3078,43.58
10,3079,43.58
10,3080,43.58
10,3081,44.29
10,3082,44.29
10,3083,44.29
10,3084,44.29
10,3085,44.29
10,3086,44.29
10,3087,44.29
10,3088,44.29
10,3089,44.29
10,3090,44.29
10,3091,45.00
10,3092,45.00
10,3093,45.00
10,3094,45.00
10,3095,45.00
10,3096,45.00
10,3097,45.00
10,3098,45.00
10,3099,45.00
10,3100,45.00
10,3101,44.80
10,3102,44.80
10,3103,44.80
10,3104,44.80
10,3105,44.80
10,3106,44.80
10,3107,44.80
10,3108,44.80
10,3109,44.80
10,3110,44.80
10,3111,45.68
10,3112,45.68
10,3113,45.68
10,3114,45.68
10,3115,45.68
10,3116,45.68
10,3117,45.68
10,3118,45.68
10,3119,45.68
10,3120,45.68
10,3121,46.58
10,3122,46.58
10,3123,46.58
10,3124,46.58
10,3125,46.58
10,3126,46.58
10,3127,46.58
10,3128,46.58
10,3129,46.58
10,3130,46.58
10,3131,46.58
10,3132,46.58
10,3133,46.58
10,3134,46.58
10,3135,46.58
10,3136,46.58
10,3137,46.58
10,3138,46.58
10,3139,46.58
10,3140,46.58
10,3141,47.39
10,3142,47.39
10,3143,47.39
10,3144,47.39
10,3145,47.39
10,3146,47.39
10,3147,47.39
10,3148,47.39
10,3149,47.39
10,3150,47.39
10,3151,47.19
10,3152,47.19
10,3153,47.19
10,3154,47.19
10,3155,47.19
10,3156,47.19
10,3157,47.19
10,3158,47.19
10,3159,47.19
10,3160,47.19
10,3161,47.85
10,3162,47.85
10,3163,47.85
10,3164,47.85
10,3165,47.85
10,3166,47.85
10,3167,47.85
10,3168,47.85
10,3169,47.85
10,3170,47.85
10,3171,48.54
10,3172,48.54
10,3173,48.54
10,3174,48.54
10,3175,48.54
10,3176,48.54
10,3177,48.54
10,3178,48.54
10,3179,48.54
10,3180,48.54
10,3181,48.34
10,3182,48.34
10,3183,48.34
10,3184,48.34
10,3185,48.34
10,3186,48.34
10,3187,48.34
10,3188,48.34
10,3189,48.34
10,3190,48.34
10,3191,49.02
10,3192,49.02
10,3193,49.02
10,3194,49.02
10,3195,49.02
10,3196,49.02
10,3197,49.02
10,3198,49.02
10,3199,49.02
10,3200,49.02
10,3201,49.68
10,3202,49.68
10,3203,49.68
10,3204,49.68
10,3205,49.68
10,3206,49.68
10,3207,49.68
10,3208,49.68
10,3209,49.68
10,3210,49.68
10,3211,49.51
10,3212,49.51
10,3213,49.51
10,3214,49.51
10,3215,49.51
10,3216,49.51
10,3217,49.51
10,3218,49.51
10,3219,49.51
10,3220,49.51
10,3221,50.17
10,3222,50.17
10,3223,50.17
10,3224,50.17
10,3225,50.17
10,3226,50.17
10,3227,50.17
10,3228,50.17
10,3229,50.17
10,3230,50.17
10,3231,50.00
10,3232,50.00
10,3233,50.00
10,3234,50.00
10,3235,50.00
10,3236,50.00
10,3237,50.00
10,3238,50.00
10,3239,50.00
10,3240,50.00
10,3241,50.80
10,3242,50.80
10,3243,50.80
10,3244,50.80
10,3245,50.80
10,3246,50.80
10,3247,50.80
10,3248,50.80
10,3249,50.80
10,3250,50.80
10,3251,51.66
10,3252,51.66
10,3253,51.66
10,3254,51.66
10,3255,51.66
10,3256,51.66
10,3257,51.66
10,3258,51.66
10,3259,51.66
10,3260,51.66
10,3261,51.64
10,3262,51.64
10,3263,51.64
10,3264,51.64
10,3265,51.64
10,3266,51.64
10,3267,51.64
10,3268,51.64
10,3269,51.64
10,3270,51.64
10,3271,52.30
10,3272,52.30
10,3273,52.30
10,3274,52.30
10,3275,52.30
10,3276,52.30
10,3277,52.30
10,3278,52.30
10,3279,52.30
10,3280,52.30
10,3281,52.93
10,3282,52.93
10,3283,52.93
10,3284,52.93
10,3285,52.93
10,3286,52.93
10,3287,52.93
10,3288,52.93
10,3289,52.93
10,3290,52.93
10,3291,52.76
10,3292,52.76
10,3293,52.76
10,3294,52.76
10,3295,52.76
10,3296,52.76
10,3297,52.76
10,3298,52.76
10,3299,52.76
10,3300,52.76
10,3301,53.40
10,3302,53.40
10,3303,53.40
10,3304,53.40
10,3305,53.40
10,3306,53.40
10,3307,53.40
10,3308,53.40
10,3309,53.40
10,3310,53.40
10,3311,53.22
10,3312,53.22
10,3313,53.22
10,3314,53.22
10,3315,53.22
10,3316,53.22
10,3317,53.22
10,3318,53.22
10,3319,53.22
10,3320,53.22
10,3321,53.86
10,3322,53.86
10,3323,53.86
10,3324,53.86
10,3325,53.86
10,3326,53.86
10,3327,53.86
10,3328,53.86
10,3329,53.86
10,3330,53.86
10,3331,54.52
10,3332,54.52
10,3333,54.52
10,3334,54.52
10,3335,54.52
10,3336,54.52
10,3337,54.52
10,3338,54.52
10,3339,54.52
10,3340,54.52
10,3341,54.32
10,3342,54.32
10,3343,54.32
10,3344,54.32
10,3345,54.32
10,3346,54.32
10,3347,54.32
10,3348,54.32
10,3349,54.32
10,3350,54.32
10,3351,54.98
10,3352,54.98
10,3353,54.98
10,3354,54.98
10,3355,54.98
10,3356,54.98
10,3357,54.98
10,3358,54.98
10,3359,54.98
10,3360,54.98
10,3361,55.62
10,3362,55.62
10,3363,55.62
10,3364,55.62
10,3365,55.62
10,3366,55.62
10,3367,55.62
10,3368,55.62
10,3369,55.62
10,3370,55.62
10,3371,55.62
10,3372,55.62
10,3373,55.62
10,3374,55.62
10,3375,55.62
10,3376,55.62
10,3377,55.62
10,3378,55.62
10,3379,55.62
10,3380,55.62
10,3381,56.37
10,3382,56.37
10,3383,56.37
10,3384,56.37
10,3385,56.37
10,3386,56.37
10,3387,56.37
10,3388,56.37
10,3389,56.37
10,3390,56.37
10,3391,56.20
10,3392,56.20
10,3393,56.20
10,3394,56.20
10,3395,56.20
10,3396,56.20
10,3397,56.20
10,3398,56.20
10,3399,56.20
10,3400,56.20
10,3401,56.81
10,3402,56.81
10,3403,56.81
10,3404,56.81
10,3405,56.81
10,3406,56.81
10,3407,56.81
10,3408,56.81
10,3409,56.81
10,3410,56.81
10,3411,57.45
10,3412,57.45
10,3413,57.45
10,3414,57.45
10,3415,57.45
10,3416,57.45
10,3417,57.45
10,3418,57.45
10,3419,57.45
10,3420,57.45
10,3421,57.28
10,3422,57.28
10,3423,57.28
10,3424,57.28
10,3425,57.28
10,3426,57.28
10,3427,57.28
10,3428,57.28
10,3429,57.28
10,3430,57.28
10,3431,57.89
10,3432,57.89
10,3433,57.89
10,3434,57.89
10,3435,57.89
10,3436,57.89
10,3437,57.89
10,3438,57.89
10,3439,57.89
10,3440,57.89
10,3441,58.50
10,3442,58.50
10,3443,58.50
10,3444,58.50
10,3445,58.50
10,3446,58.50
10,3447,58.50
10,3448,58.50
10,3449,58.50
10,3450,58.50
10,3451,58.32
10,3452,58.32
10,3453,58.32
10,3454,58.32
10,3455,58.32
10,3456,58.32
10,3457,58.32
10,3458,58.32
10,3459,58.32
10,3460,58.32
10,3461,58.94
10,3462,58.94
10,3463,58.94
10,3464,58.94
10,3465,58.94
10,3466,58.94
10,3467,58.94
10,3468,58.94
10,3469,58.94
10,3470,58.94
10,3471,58.77
10,3472,58.77
10,3473,58.77
10,3474,58.77
10,3475,58.77
10,3476,58.77
10,3477,58.77
10,3478,58.77
10,3479,58.77
10,3480,58.77
10,3481,59.40
10,3482,59.40
10,3483,59.40
10,3484,59.40
10,3485,59.40
10,3486,59.40
10,3487,59.40
10,3488,59.40
10,3489,59.40
10,3490,59.40
10,3491,60.01
10,3492,60.01
10,3493,60.01
10,3494,60.01
10,3495,60.01
10,3496,60.01
10,3497,60.01
10,3498,60.01
10,3499,60.01
10,3500,60.01
10,3501,59.84
10,3502,59.84
10,3503,59.84
10,3504,59.84
10,3505,59.84
10,3506,59.84
10,3507,59.84
10,3508,59.84
10,3509,59.84
10,3510,59.84
10,3511,60.45
10,3512,60.45
10,3513,60.45
10,3514,60.45
10,3515,60.45
10,3516,60.45
10,3517,60.45
10,3518,60.45
10,3519,60.45
10,3520,60.45
10,3521,61.06
10,3522,61.06
10,3523,61.06
10,3524,61.06
10,3525,61.06
10,3526,61.06
10,3527,61.06
10,3528,61.06
10,3529,61.06
10,3530,61.06
10,3531,60.92
10,3532,60.92
10,3533,60.92
10,3534,60.92
10,3535,60.92
10,3536,60.92
10,3537,60.92
10,3538,60.92
10,3539,60.92
10,3540,60.92
10,3541,61.55
10,3542,61.55
10,3543,61.55
10,3544,61.55
10,3545,61.55
10,3546,61.55
10,3547,61.55
10,3548,61.55
10,3549,61.55
10,3550,61.55
10,3551,61.38
10,3552,61.38
10,3553,61.38
10,3554,61.38
10,3555,61.38
10,3556,61.38
10,3557,61.38
10,3558,61.38
10,3559,61.38
10,3560,61.38
10,3561,61.99
10,3562,61.99
10,3563,61.99
10,3564,61.99
10,3565,61.99
10,3566,61.99
10,3567,61.99
10,3568,61.99
10,3569,61.99
10,3570,61.99
10,3571,62.58
10,3572,62.58
10,3573,62.58
10,3574,62.58
10,3575,62.58
10,3576,62.58
10,3577,62.58
10,3578,62.58
10,3579,62.58
10,3580,62.58
10,3581,62.40
10,3582,62.40
10,3583,62.40
10,3584,62.40
10,3585,62.40
10,3586,62.40
10,3587,62.40
10,3588,62.40
10,3589,62.40
10,3590,62.40
10,3591,62.50
10,3592,62.50
10,3593,62.50
10,3594,62.50
10,3595,62.50
10,3596,62.50
10,3597,62.50
10,3598,62.50
10,3599,62.50
10,3600,62.50
10,3601,62.60
10,3602,62.60
10,3603,62.60
10,3604,62.60
10,3605,62.60
10,3606,62.60
10,3607,62.60
10,3608,62.60
10,3609,62.60
10,3610,62.60
10,3611,62.43
10,3612,62.43
10,3613,62.43
10,3614,62.43
10,3615,62.43
10,3616,62.43
10,3617,62.43
10,3618,62.43
10,3619,62.43
10,3620,62.43
10,3621,62.52
10,3622,62.52
10,3623,62.52
10,3624,62.52
10,3625,62.52
10,3626,62.52
10,3627,62.52
10,3628,62.52
10,3629,62.52
10,3630,62.52
10,3631,62.35
10,3632,62.35
10,3633,62.35
10,3634,62.35
10,3635,62.35
10,3636,62.35
10,3637,62.35
10,3638,62.35
10,3639,62.35
10,3640,62.35
10,3641,62.48
10,3642,62.48
10,3643,62.48
10,3644,62.48
10,3645,62.48
10,3646,62.48
10,3647,62.48
10,3648,62.48
10,3649,62.48
10,3650,62.48
10,3651,62.58
10,3652,62.58
10,3653,62.58
10,3654,62.58
10,3655,62.58
10,3656,62.58
10,3657,62.58
10,3658,62.58
10,3659,62.58
10,3660,62.58
10,3661,62.40
10,3662,62.40
10,3663,62.40
10,3664,62.40
10,3665,62.40
10,3666,62.40
10,3667,62.40
10,3668,62.40
10,3669,62.40
10,3670,62.40
10,3671,62.50
10,3672,62.50
10,3673,62.50
10,3674,62.50
10,3675,62.50
10,3676,62.50
10,3677,62.50
10,3678,62.50
10,3679,62.50
10,3680,62.50
10,3681,62.60
10,3682,62.60
10,3683,62.60
10,3684,62.60
10,3685,62.60
10,3686,62.60
10,3687,62.60
10,3688,62.60
10,3689,62.60
10,3690,62.60
10,3691,62.43
10,3692,62.43
10,3693,62.43
10,3694,62.43
10,3695,62.43
10,3696,62.43
10,3697,62.43
10,3698,62.43
10,3699,62.43
10,3700,62.43
10,3701,62.52
10,3702,62.52
10,3703,62.52
10,3704,62.52
10,3705,62.52
10,3706,62.52
10,3707,62.52
10,3708,62.52
10,3709,62.52
10,3710,62.52
10,3711,62.35
10,3712,62.35
10,3713,62.35
10,3714,62.35
10,3715,62.35
10,3716,62.35
10,3717,62.35
10,3718,62.35
10,3719,62.35
10,3720,62.35
10,3721,62.48
10,3722,62.48
10,3723,62.48
10,3724,62.48
10,3725,62.48
10,3726,62.48
10,3727,62.48
10,3728,62.48
10,3729,62.48
10,3730,62.48
10,3731,62.55
10,3732,62.55
10,3733,62.55
10,3734,62.55
10,3735,62.55
10,3736,62.55
10,3737,62.55
10,3738,62.55
10,3739,62.55
10,3740,62.55
10,3741,62.40
10,3742,62.40
10,3743,62.40
10,3744,62.40
10,3745,62.40
10,3746,62.40
10,3747,62.40
10,3748,62.40
10,3749,62.40
10,3750,62.40
10,3751,62.50
10,3752,62.50
10,3753,62.50
10,3754,62.50
10,3755,62.50
10,3756,62.50
10,3757,62.50
10,3758,62.50
10,3759,62.50
10,3760,62.50
10,3761,62.60
10,3762,62.60
10,3763,62.60
10,3764,62.60
10,3765,62.60
10,3766,62.60
10,3767,62.60
10,3768,62.60
10,3769,62.60
10,3770,62.60
10,3771,62.43
10,3772,62.43
10,3773,62.43
10,3774,62.43
10,3775,62.43
10,3776,62.43
10,3777,62.43
10,3778,62.43
10,3779,62.43
10,3780,62.43
10,3781,62.52
10,3782,62.52
10,3783,62.52
10,3784,62.52
10,3785,62.52
10,3786,62.52
10,3787,62.52
10,3788,62.52
10,3789,62.52
10,3790,62.52
10,3791,62.38
10,3792,62.38
10,3793,62.38
10,3794,62.38
10,3795,62.38
10,3796,62.38
10,3797,62.38
10,3798,62.38
10,3799,62.38
10,3800,62.38
10,3801,62.48
10,3802,62.48
10,3803,62.48
10,3804,62.48
10,3805,62.48
10,3806,62.48
10,3807,62.48
10,3808,62.48
10,3809,62.48
10,3810,62.48
10,3811,62.55
10,3812,62.55
10,3813,62.55
10,3814,62.55
10,3815,62.55
10,3816,62.55
10,3817,62.55
10,3818,62.55
10,3819,62.55
10,3820,62.55
10,3821,62.40
10,3822,62.40
10,3823,62.40
10,3824,62.40
10,3825,62.40
10,3826,62.40
10,3827,62.40
10,3828,62.40
10,3829,62.40
10,3830,62.40
10,3831,62.50
10,3832,62.50
10,3833,62.50
10,3834,62.50
10,3835,62.50
10,3836,62.50
10,3837,62.50
10,3838,62.50
10,3839,62.50
10,3840,62.50
10,3841,62.60
10,3842,62.60
10,3843,62.60
10,3844,62.60
10,3845,62.60
10,3846,62.60
10,3847,62.60
10,3848,62.60
10,3849,62.60
10,3850,62.60
10,3851,62.43
10,3852,62.43
10,3853,62.43
10,3854,62.43
10,3855,62.43
10,3856,62.43
10,3857,62.43
10,3858,62.43
10,3859,62.43
10,3860,62.43
10,3861,62.52
10,3862,62.52
10,3863,62.52
10,3864,62.52
10,3865,62.52
10,3866,62.52
10,3867,62.52
10,3868,62.52
10,3869,62.52
10,3870,62.52
10,3871,62.38
10,3872,62.38
10,3873,62.38
10,3874,62.38
10,3875,62.38
10,3876,62.38
10,3877,62.38
10,3878,62.38
10,3879,62.38
10,3880,62.38
10,3881,62.48
10,3882,62.48
10,3883,62.48
10,3884,62.48
10,3885,62.48
10,3886,62.48
10,3887,62.48
10,3888,62.48
10,3889,62.48
10,3890,62.48
10,3891,62.55
10,3892,62.55
10,3893,62.55
10,3894,62.55
10,3895,62.55
10,3896,62.55
10,3897,62.55
10,3898,62.55
10,3899,62.55
10,3900,62.55
10,3901,62.40
10,3902,62.40
10,3903,62.40
10,3904,62.40
10,3905,62.40
10,3906,62.40
10,3907,62.40
10,3908,62.40
10,3909,62.40
10,3910,62.40
10,3911,62.50
10,3912,62.50
10,3913,62.50
10,3914,62.50
10,3915,62.50
10,3916,62.50
10,3917,62.50
10,3918,62.50
10,3919,62.50
10,3920,62.50
10,3921,62.60
10,3922,62.60
10,3923,62.60
10,3924,62.60
10,3925,62.60
10,3926,62.60
10,3927,62.60
10,3928,62.60
10,3929,62.60
10,3930,62.60
10,3931,62.43
10,3932,62.43
10,3933,62.43
10,3934,62.43
10,3935,62.43
10,3936,62.43
10,3937,62.43
10,3938,62.43
10,3939,62.43
10,3940,62.43
10,3941,62.52
10,3942,62.52
10,3943,62.52
10,3944,62.52
10,3945,62.52
10,3946,62.52
10,3947,62.52
10,3948,62.52
10,3949,62.52
10,3950,62.52
10,3951,62.38
10,3952,62.38
10,3953,62.38
10,3954,62.38
10,3955,62.38
10,3956,62.38
10,3957,62.38
10,3958,62.38
10,3959,62.38
10,3960,62.38
10,3961,62.48
10,3962,62.48
10,3963,62.48
10,3964,62.48
10,3965,62.48
10,3966,62.48
10,3967,62.48
10,3968,62.48
10,3969,62.48
10,3970,62.48
10,3971,62.55
10,3972,62.55
10,3973,62.55
10,3974,62.55
10,3975,62.55
10,3976,62.55
10,3977,62.55
10,3978,62.55
10,3979,62.55
10,3980,62.55
10,3981,62.40
10,3982,62.40
10,3983,62.40
10,3984,62.40
10,3985,62.40
10,3986,62.40
10,3987,62.40
10,3988,62.40
10,3989,62.40
10,3990,62.40
10,3991,62.50
10,3992,62.50
10,3993,62.50
10,3994,62.50
10,3995,62.50
10,3996,62.50
10,3997,62.50
10,3998,62.50
10,3999,62.50
10,4000,62.50
10,4001,62.60
10,4002,62.60
10,4003,62.60
10,4004,62.60
10,4005,62.60
10,4006,62.60
10,4007,62.60
10,4008,62.60
10,4009,62.60
10,4010,62.60
10,4011,62.43
10,4012,62.43
10,4013,62.43
10,4014,62.43
10,4015,62.43
10,4016,62.43
10,4017,62.43
10,4018,62.43
10,4019,62.43
10,4020,62.43
10,4021,62.52
10,4022,62.52
10,4023,62.52
10,4024,62.52
10,4025,62.52
10,4026,62.52
10,4027,62.52
10,4028,62.52
10,4029,62.52
10,4030,62.52
10,4031,62.38
10,4032,62.38
10,4033,62.38
10,4034,62.38
10,4035,62.38
10,4036,62.38
10,4037,62.38
10,4038,62.38
10,4039,62.38
10,4040,62.38
10,4041,62.48
10,4042,62.48
10,4043,62.48
10,4044,62.48
10,4045,62.48
10,4046,62.48
10,4047,62.48
10,4048,62.48
10,4049,62.48
10,4050,62.48
10,4051,62.55
10,4052,62.55
10,4053,62.55
10,4054,62.55
10,4055,62.55
10,4056,62.55
10,4057,62.55
10,4058,62.55
10,4059,62.55
10,4060,62.55
10,4061,62.40
10,4062,62.40
10,4063,62.40
10,4064,62.40
10,4065,62.40
10,4066,62.40
10,4067,62.40
10,4068,62.40
10,4069,62.40
10,4070,62.40
10,4071,62.50
10,4072,62.50
10,4073,62.50
10,4074,62.50
10,4075,62.50
10,4076,62.50
10,4077,62.50
10,4078,62.50
10,4079,62.50
10,4080,62.50
10,4081,62.60
10,4082,62.60
10,4083,62.60
10,4084,62.60
10,4085,62.60
10,4086,62.60
10,4087,62.60
10,4088,62.60
10,4089,62.60
10,4090,62.60
10,4091,62.45
10,4092,62.45
10,4093,62.45
10,4094,62.45
10,4095,62.45
10,4096,62.45
10,4097,62.45
10,4098,62.45
10,4099,62.45
10,4100,62.45
10,4101,62.52
10,4102,62.52
10,4103,62.52
10,4104,62.52
10,4105,62.52
10,4106,62.52
10,4107,62.52
10,4108,62.52
10,4109,62.52
10,4110,62.52
10,4111,62.38
10,4112,62.38
10,4113,62.38
10,4114,62.38
10,4115,62.38
10,4116,62.38
10,4117,62.38
10,4118,62.38
10,4119,62.38
10,4120,62.38
10,4121,62.48
10,4122,62.48
10,4123,62.48
10,4124,62.48
10,4125,62.48
10,4126,62.48
10,4127,62.48
10,4128,62.48
10,4129,62.48
10,4130,62.48
10,4131,62.55
10,4132,62.55
10,4133,62.55
10,4134,62.55
10,4135,62.55
10,4136,62.55
10,4137,62.55
10,4138,62.55
10,4139,62.55
10,4140,62.55
10,4141,62.43
10,4142,62.43
10,4143,62.43
10,4144,62.43
10,4145,62.43
10,4146,62.43
10,4147,62.43
10,4148,62.43
10,4149,62.43
10,4150,62.43
10,4151,62.50
10,4152,62.50
10,4153,62.50
10,4154,62.50
10,4155,62.50
10,4156,62.50
10,4157,62.50
10,4158,62.50
10,4159,62.50
10,4160,62.50
10,4161,62.58
10,4162,62.58
10,4163,62.58
10,4164,62.58
10,4165,62.58
10,4166,62.58
10,4167,62.58
10,4168,62.58
10,4169,62.58
10,4170,62.58
10,4171,62.45
10,4172,62.45
10,4173,62.45
10,4174,62.45
10,4175,62.45
10,4176,62.45
10,4177,62.45
10,4178,62.45
10,4179,62.45
10,4180,62.45
10,4181,62.52
10,4182,62.52
10,4183,62.52
10,4184,62.52
10,4185,62.52
10,4186,62.52
10,4187,62.52
10,4188,62.52
10,4189,62.52
10,4190,62.52
10,4191,62.38
10,4192,62.38
10,4193,62.38
10,4194,62.38
10,4195,62.38
10,4196,62.38
10,4197,62.38
10,4198,62.38
10,4199,62.38
10,4200,62.38
10,4201,62.48
10,4202,62.48
10,4203,62.48
10,4204,62.48
10,4205,62.48
10,4206,62.48
10,4207,62.48
10,4208,62.48
10,4209,62.48
10,4210,62.48
10,4211,62.55
10,4212,62.55
10,4213,62.55
10,4214,62.55
10,4215,62.55
10,4216,62.55
10,4217,62.55
10,4218,62.55
10,4219,62.55
10,4220,62.55
10,4221,62.43
10,4222,62.43
10,4223,62.43
10,4224,62.43
10,4225,62.43
10,4226,62.43
10,4227,62.43
10,4228,62.43
10,4229,62.43
10,4230,62.43
10,4231,62.50
10,4232,62.50
10,4233,62.50
10,4234,62.50
10,4235,62.50
10,4236,62.50
10,4237,62.50
10,4238,62.50
10,4239,62.50
10,4240,62.50
10,4241,62.58
10,4242,62.58
10,4243,62.58
10,4244,62.58
10,4245,62.58
10,4246,62.58
10,4247,62.58
10,4248,62.58
10,4249,62.58
10,4250,62.58
10,4251,62.45
10,4252,62.45
10,4253,62.45
10,4254,62.45
10,4255,62.45
10,4256,62.45
10,4257,62.45
10,4258,62.45
10,4259,62.45
10,4260,62.45
10,4261,62.52
10,4262,62.52
10,4263,62.52
10,4264,62.52
10,4265,62.52
10,4266,62.52
10,4267,62.52
10,4268,62.52
10,4269,62.52
10,4270,62.52
10,4271,62.38
10,4272,62.38
10,4273,62.38
10,4274,62.38
10,4275,62.38
10,4276,62.38
10,4277,62.38
10,4278,62.38
10,4279,62.38
10,4280,62.38
10,4281,62.48
10,4282,62.48
10,4283,62.48
10,4284,62.48
10,4285,62.48
10,4286,62.48
10,4287,62.48
10,4288,62.48
10,4289,62.48
10,4290,62.48
10,4291,62.55
10,4292,62.55
10,4293,62.55
10,4294,62.55
10,4295,62.55
10,4296,62.55
10,4297,62.55
10,4298,62.55
10,4299,62.55
10,4300,62.55
10,4301,62.43
10,4302,62.43
10,4303,62.43
10,4304,62.43
10,4305,62.43
10,4306,62.43
10,4307,62.43
10,4308,62.43
10,4309,62.43
10,4310,62.43
10,4311,62.50
10,4312,62.50
10,4313,62.50
10,4314,62.50
10,4315,62.50
10,4316,62.50
10,4317,62.50
10,4318,62.50
10,4319,62.50
10,4320,62.50
10,4321,62.58
10,4322,62.58
10,4323,62.58
10,4324,62.58
10,4325,62.58
10,4326,62.58
10,4327,62.58
10,4328,62.58
10,4329,62.58
10,4330,62.58
10,4331,62.45
10,4332,62.45
10,4333,62.45
10,4334,62.45
10,4335,62.45
10,4336,62.45
10,4337,62.45
10,4338,62.45
10,4339,62.45
10,4340,62.45
10,4341,62.52
10,4342,62.52
10,4343,62.52
10,4344,62.52
10,4345,62.52
10,4346,62.52
10,4347,62.52
10,4348,62.52
10,4349,62.52
10,4350,62.52
10,4351,62.38
10,4352,62.38
10,4353,62.38
10,4354,62.38
10,4355,62.38
10,4356,62.38
10,4357,62.38
10,4358,62.38
10,4359,62.38
10,4360,62.38
10,4361,62.48
10,4362,62.48
10,4363,62.48
10,4364,62.48
10,4365,62.48
10,4366,62.48
10,4367,62.48
10,4368,62.48
10,4369,62.48
10,4370,62.48
10,4371,62.55
10,4372,62.55
10,4373,62.55
10,4374,62.55
10,4375,62.55
10,4376,62.55
10,4377,62.55
10,4378,62.55
10,4379,62.55
10,4380,62.55
10,4381,62.43
10,4382,62.43
10,4383,62.43
10,4384,62.43
10,4385,62.43
10,4386,62.43
10,4387,62.43
10,4388,62.43
10,4389,62.43
10,4390,62.43
10,4391,62.50
10,4392,62.50
10,4393,62.50
10,4394,62.50
10,4395,62.50
10,4396,62.50
10,4397,62.50
10,4398,62.50
10,4399,62.50
10,4400,62.50
10,4401,62.58
10,4402,62.58
10,4403,62.58
10,4404,62.58
10,4405,62.58
10,4406,62.58
10,4407,62.58
10,4408,62.58
10,4409,62.58
10,4410,62.58
10,4411,62.45
10,4412,62.45
10,4413,62.45
10,4414,62.45
10,4415,62.45
10,4416,62.45
10,4417,62.45
10,4418,62.45
10,4419,62.45
10,4420,62.45
10,4421,62.52
10,4422,62.52
10,4423,62.52
10,4424,62.52
10,4425,62.52
10,4426,62.52
10,4427,62.52
10,4428,62.52
10,4429,62.52
10,4430,62.52
10,4431,62.38
10,4432,62.38
10,4433,62.38
10,4434,62.38
10,4435,62.38
10,4436,62.38
10,4437,62.38
10,4438,62.38
10,4439,62.38
10,4440,62.38
10,4441,62.48
10,4442,62.48
10,4443,62.48
10,4444,62.48
10,4445,62.48
10,4446,62.48
10,4447,62.48
10,4448,62.48
10,4449,62.48
10,4450,62.48
10,4451,62.55
10,4452,62.55
10,4453,62.55
10,4454,62.55
10,4455,62.55
10,4456,62.55
10,4457,62.55
10,4458,62.55
10,4459,62.55
10,4460,62.55
10,4461,62.43
10,4462,62.43
10,4463,62.43
10,4464,62.43
10,4465,62.43
10,4466,62.43
10,4467,62.43
10,4468,62.43
10,4469,62.43
10,4470,62.43
10,4471,62.50
10,4472,62.50
10,4473,62.50
10,4474,62.50
10,4475,62.50
10,4476,62.50
10,4477,62.50
10,4478,62.50
10,4479,62.50
10,4480,62.50
10,4481,62.58
10,4482,62.58
10,4483,62.58
10,4484,62.58
10,4485,62.58
10,4486,62.58
10,4487,62.58
10,4488,62.58
10,4489,62.58
10,4490,62.58
10,4491,62.45
10,4492,62.45
10,4493,62.45
10,4494,62.45
10,4495,62.45
10,4496,62.45
10,4497,62.45
10,4498,62.45
10,4499,62.45
10,4500,62.45
10,4501,62.52
10,4502,62.52
10,4503,62.52
10,4504,62.52
10,4505,62.52
10,4506,62.52
10,4507,62.52
10,4508,62.52
10,4509,62.52
10,4510,62.52
10,4511,62.38
10,4512,62.38
10,4513,62.38
10,4514,62.38
10,4515,62.38
10,4516,62.38
10,4517,62.38
10,4518,62.38
10,4519,62.38
10,4520,62.38
10,4521,62.48
10,4522,62.48
10,4523,62.48
10,4524,62.48
10,4525,62.48
10,4526,62.48
10,4527,62.48
10,4528,62.48
10,4529,62.48
10,4530,62.48
10,4531,62.55
10,4532,62.55
10,4533,62.55
10,4534,62.55
10,4535,62.55
10,4536,62.55
10,4537,62.55
10,4538,62.55
10,4539,62.55
10,4540,62.55
10,4541,62.43
10,4542,62.43
10,4543,62.43
10,4544,62.43
10,4545,62.43
10,4546,62.43
10,4547,62.43
10,4548,62.43
10,4549,62.43
10,4550,62.43
10,4551,62.50
10,4552,62.50
10,4553,62.50
10,4554,62.50
10,4555,62.50
10,4556,62.50
10,4557,62.50
10,4558,62.50
10,4559,62.50
10,4560,62.50
10,4561,62.58
10,4562,62.58
10,4563,62.58
10,4564,62.58
10,4565,62.58
10,4566,62.58
10,4567,62.58
10,4568,62.58
10,4569,62.58
10,4570,62.58
10,4571,62.45
10,4572,62.45
10,4573,62.45
10,4574,62.45
10,4575,62.45
10,4576,62.45
10,4577,62.45
10,4578,62.45
10,4579,62.45
10,4580,62.45
10,4581,62.52
10,4582,62.52
10,4583,62.52
10,4584,62.52
10,4585,62.52
10,4586,62.52
10,4587,62.52
10,4588,62.52
10,4589,62.52
10,4590,62.52
10,4591,62.40
10,4592,62.40
10,4593,62.40
10,4594,62.40
10,4595,62.40
10,4596,62.40
10,4597,62.40
10,4598,62.40
10,4599,62.40
10,4600,62.40
10,4601,62.48
10,4602,62.48
10,4603,62.48
10,4604,62.48
10,4605,62.48
10,4606,62.48
10,4607,62.48
10,4608,62.48
10,4609,62.48
10,4610,62.48
10,4611,62.55
10,4612,62.55
10,4613,62.55
10,4614,62.55
10,4615,62.55
10,4616,62.55
10,4617,62.55
10,4618,62.55
10,4619,62.55
10,4620,62.55
10,4621,62.43
10,4622,62.43
10,4623,62.43
10,4624,62.43
10,4625,62.43
10,4626,62.43
10,4627,62.43
10,4628,62.43
10,4629,62.43
10,4630,62.43
10,4631,62.50
10,4632,62.50
10,4633,62.50
10,4634,62.50
10,4635,62.50
10,4636,62.50
10,4637,62.50
10,4638,62.50
10,4639,62.50
10,4640,62.50
10,4641,62.58
10,4642,62.58
10,4643,62.58
10,4644,62.58
10,4645,62.58
10,4646,62.58
10,4647,62.58
10,4648,62.58
10,4649,62.58
10,4650,62.58
10,4651,62.45
10,4652,62.45
10,4653,62.45
10,4654,62.45
10,4655,62.45
10,4656,62.45
10,4657,62.45
10,4658,62.45
10,4659,62.45
10,4660,62.45
10,4661,62.52
10,4662,62.52
10,4663,62.52
10,4664,62.52
10,4665,62.52
10,4666,62.52
10,4667,62.52
10,4668,62.52
10,4669,62.52
10,4670,62.52
10,4671,62.40
10,4672,62.40
10,4673,62.40
10,4674,62.40
10,4675,62.40
10,4676,62.40
10,4677,62.40
10,4678,62.40
10,4679,62.40
10,4680,62.40
10,4681,62.48
10,4682,62.48
10,4683,62.48
10,4684,62.48
10,4685,62.48
10,4686,62.48
10,4687,62.48
10,4688,62.48
10,4689,62.48
10,4690,62.48
10,4691,62.55
10,4692,62.55
10,4693,62.55
10,4694,62.55
10,4695,62.55
10,4696,62.55
10,4697,62.55
10,4698,62.55
10,4699,62.55
10,4700,62.55
10,4701,62.43
10,4702,62.43
10,4703,62.43
10,4704,62.43
10,4705,62.43
10,4706,62.43
10,4707,62.43
10,4708,62.43
10,4709,62.43
10,4710,62.43
10,4711,62.50
10,4712,62.50
10,4713,62.50
10,4714,62.50
10,4715,62.50
10,4716,62.50
10,4717,62.50
10,4718,62.50
10,4719,62.50
10,4720,62.50
10,4721,62.58
10,4722,62.58
10,4723,62.58
10,4724,62.58
10,4725,62.58
10,4726,62.58
10,4727,62.58
10,4728,62.58
10,4729,62.58
10,4730,62.58
10,4731,62.45
10,4732,62.45
10,4733,62.45
10,4734,62.45
10,4735,62.45
10,4736,62.45
10,4737,62.45
10,4738,62.45
10,4739,62.45
10,4740,62.45
10,4741,62.52
10,4742,62.52
10,4743,62.52
10,4744,62.52
10,4745,62.52
10,4746,62.52
10,4747,62.52
10,4748,62.52
10,4749,62.52
10,4750,62.52
10,4751,62.40
10,4752,62.40
10,4753,62.40
10,4754,62.40
10,4755,62.40
10,4756,62.40
10,4757,62.40
10,4758,62.40
10,4759,62.40
10,4760,62.40
10,4761,62.48
10,4762,62.48
10,4763,62.48
10,4764,62.48
10,4765,62.48
10,4766,62.48
10,4767,62.48
10,4768,62.48
10,4769,62.48
10,4770,62.48
10,4771,62.55
10,4772,62.55
10,4773,62.55
10,4774,62.55
10,4775,62.55
10,4776,62.55
10,4777,62.55
10,4778,62.55
10,4779,62.55
10,4780,62.55
10,4781,62.43
10,4782,62.43
10,4783,62.43
10,4784,62.43
10,4785,62.43
10,4786,62.43
10,4787,62.43
10,4788,62.43
10,4789,62.43
10,4790,62.43
10,4791,62.50
10,4792,62.50
10,4793,62.50
10,4794,62.50
10,4795,62.50
10,4796,62.50
10,4797,62.50
10,4798,62.50
10,4799,62.50
10,4800,62.50
10,4801,62.58
10,4802,62.58
10,4803,62.58
10,4804,62.58
10,4805,62.58
10,4806,62.58
10,4807,62.58
10,4808,62.58
10,4809,62.58
10,4810,62.58
10,4811,62.45
10,4812,62.45
10,4813,62.45
10,4814,62.45
10,4815,62.45
10,4816,62.45
10,4817,62.45
10,4818,62.45
10,4819,62.45
10,4820,62.45
10,4821,62.52
10,4822,62.52
10,4823,62.52
10,4824,62.52
10,4825,62.52
10,4826,62.52
10,4827,62.52
10,4828,62.52
10,4829,62.52
10,4830,62.52
10,4831,62.40
10,4832,62.40
10,4833,62.40
10,4834,62.40
10,4835,62.40
10,4836,62.40
10,4837,62.40
10,4838,62.40
10,4839,62.40
10,4840,62.40
10,4841,62.48
10,4842,62.48
10,4843,62.48
10,4844,62.48
10,4845,62.48
10,4846,62.48
10,4847,62.48
10,4848,62.48
10,4849,62.48
10,4850,62.48
10,4851,62.55
10,4852,62.55
10,4853,62.55
10,4854,62.55
10,4855,62.55
10,4856,62.55
10,4857,62.55
10,4858,62.55
10,4859,62.55
10,4860,62.55
10,4861,62.43
10,4862,62.43
10,4863,62.43
10,4864,62.43
10,4865,62.43
10,4866,62.43
10,4867,62.43
10,4868,62.43
10,4869,62.43
10,4870,62.43
10,4871,62.50
10,4872,62.50
10,4873,62.50
10,4874,62.50
10,4875,62.50
10,4876,62.50
10,4877,62.50
10,4878,62.50
10,4879,62.50
10,4880,62.50
10,4881,62.58
10,4882,62.58
10,4883,62.58
10,4884,62.58
10,4885,62.58
10,4886,62.58
10,4887,62.58
10,4888,62.58
10,4889,62.58
10,4890,62.58
10,4891,62.45
10,4892,62.45
10,4893,62.45
10,4894,62.45
10,4895,62.45
10,4896,62.45
10,4897,62.45
10,4898,62.45
10,4899,62.45
10,4900,62.45
10,4901,62.52
10,4902,62.52
10,4903,62.52
10,4904,62.52
10,4905,62.52
10,4906,62.52
10,4907,62.52
10,4908,62.52
10,4909,62.52
10,4910,62.52
10,4911,62.40
10,4912,62.40
10,4913,62.40
10,4914,62.40
10,4915,62.40
10,4916,62.40
10,4917,62.40
10,4918,62.40
10,4919,62.40
10,4920,62.40
10,4921,62.48
10,4922,62.48
10,4923,62.48
10,4924,62.48
10,4925,62.48
10,4926,62.48
10,4927,62.48
10,4928,62.48
10,4929,62.48
10,4930,62.48
10,4931,62.55
10,4932,62.55
10,4933,62.55
10,4934,62.55
10,4935,62.55
10,4936,62.55
10,4937,62.55
10,4938,62.55
10,4939,62.55
10,4940,62.55
10,4941,62.43
10,4942,62.43
10,4943,62.43
10,4944,62.43
10,4945,62.43
10,4946,62.43
10,4947,62.43
10,4948,62.43
10,4949,62.43
10,4950,62.43
10,4951,62.50
10,4952,62.50
10,4953,62.50
10,4954,62.50
10,4955,62.50
10,4956,62.50
10,4957,62.50
10,4958,62.50
10,4959,62.50
10,4960,62.50
10,4961,62.58
10,4962,62.58
10,4963,62.58
10,4964,62.58
10,4965,62.58
10,4966,62.58
10,4967,62.58
10,4968,62.58
10,4969,62.58
10,4970,62.58
10,4971,62.45
10,4972,62.45
10,4973,62.45
10,4974,62.45
10,4975,62.45
10,4976,62.45
10,4977,62.45
10,4978,62.45
10,4979,62.45
10,4980,62.45
10,4981,62.52
10,4982,62.52
10,4983,62.52
10,4984,62.52
10,4985,62.52
10,4986,62.52
10,4987,62.52
10,4988,62.52
10,4989,62.52
10,4990,62.52
10,4991,62.40
10,4992,62.40
10,4993,62.40
10,4994,62.40
10,4995,62.40
10,4996,62.40
10,4997,62.40
10,4998,62.40
10,4999,62.40
10,5000,62.40
23,1500,1.61
23,1501,1.61
23,1502,1.61
23,1503,1.61
23,1504,1.61
23,1505,1.61
23,1506,1.61
23,1507,1.61
23,1508,1.61
23,1509,1.61
23,1510,1.61
23,1511,1.61
23,1512,1.61
23,1513,1.61
23,1514,1.61
23,1515,1.61
23,1516,1.61
23,1517,1.61
23,1518,1.61
23,1519,1.63
23,1520,1.63
23,1521,1.63
23,1522,1.63
23,1523,1.63
23,1524,1.63
23,1525,1.63
23,1526,1.63
23,1527,1.63
23,1528,1.63
23,1529,1.63
23,1530,1.63
23,1531,1.63
23,1532,1.63
23,1533,1.63
23,1534,1.63
23,1535,1.63
23,1536,1.63
23,1537,1.63
23,1538,1.63
23,1539,1.63
23,1540,1.63
23,1541,1.63
23,1542,1.66
23,1543,1.66
23,1544,1.66
23,1545,1.66
23,1546,1.66
23,1547,1.66
23,1548,1.66
23,1549,1.66
23,1550,1.66
23,1551,1.66
23,1552,1.66
23,1553,1.66
23,1554,1.66
23,1555,1.66
23,1556,1.66
23,1557,1.66
23,1558,1.66
23,1559,1.66
23,1560,1.66
23,1561,1.66
23,1562,1.66
23,1563,1.66
23,1564,1.66
23,1565,1.68
23,1566,1.68
23,1567,1.68
23,1568,1.68
23,1569,1.68
23,1570,1.68
23,1571,1.68
23,1572,1.68
23,1573,1.68
23,1574,1.68
23,1575,1.68
23,1576,1.68
23,1577,1.68
23,1578,1.68
23,1579,1.68
23,1580,1.68
23,1581,1.68
23,1582,1.68
23,1583,1.68
23,1584,1.68
23,1585,1.68
23,1586,1.68
23,1587,1.68
23,1588,1.71
23,1589,1.71
23,1590,1.71
23,1591,1.71
23,1592,1.71
23,1593,1.71
23,1594,1.71
23,1595,1.71
23,1596,1.71
23,1597,1.71
23,1598,1.71
23,1599,1.71
23,1600,1.71
23,1601,1.71
23,1602,1.71
23,1603,1.71
23,1604,1.71
23,1605,1.71
23,1606,1.71
23,1607,1.71
23,1608,1.71
23,1609,1.71
23,1610,1.71
23,1611,1.73
23,1612,1.73
23,1613,1.73
23,1614,1.73
23,1615,1.73
23,1616,1.73
23,1617,1.73
23,1618,1.73
23,1619,1.73
23,1620,1.73
23,1621,1.73
23,1622,1.73
23,1623,1.73
23,1624,1.73
23,1625,1.73
23,1626,1.73
23,1627,1.73
23,1628,1.73
23,1629,1.73
23,1630,1.73
23,1631,1.73
23,1632,1.73
23,1633,1.73
23,1634,1.76
23,1635,1.76
23,1636,1.76
23,1637,1.76
23,1638,1.76
23,1639,1.76
23,1640,1.76
23,1641,1.76
23,1642,1.76
23,1643,1.76
23,1644,1.76
23,1645,1.76
23,1646,1.76
23,1647,1.76
23,1648,1.76
23,1649,1.76
23,1650,1.76
23,1651,1.76
23,1652,1.76
23,1653,1.76
23,1654,1.76
23,1655,1.76
23,1656,1.76
23,1657,1.78
23,1658,1.78
23,1659,1.78
23,1660,1.78
23,1661,1.78
23,1662,1.78
23,1663,1.78
23,1664,1.78
23,1665,1.78
23,1666,1.78
23,1667,1.78
23,1668,1.78
23,1669,1.78
23,1670,1.78
23,1671,1.78
23,1672,1.78
23,1673,1.78
23,1674,1.78
23,1675,1.78
23,1676,1.78
23,1677,1.78
23,1678,1.78
23,1679,1.78
23,1680,1.80
23,1681,1.80
23,1682,1.80
23,1683,1.80
23,1684,1.80
23,1685,1.80
23,1686,1.80
23,1687,1.80
23,1688,1.80
23,1689,1.80
23,1690,1.80
23,1691,1.80
23,1692,1.80
23,1693,1.80
23,1694,1.80
23,1695,1.80
23,1696,1.80
23,1697,1.80
23,1698,1.80
23,1699,1.80
23,1700,1.80
23,1701,1.80
23,1702,1.80
23,1703,1.83
23,1704,1.83
23,1705,1.83
23,1706,1.83
23,1707,1.83
23,1708,1.83
23,1709,1.83
23,1710,1.83
23,1711,1.83
23,1712,1.83
23,1713,1.83
23,1714,1.83
23,1715,1.83
23,1716,1.83
23,1717,1.83
23,1718,1.83
23,1719,1.83
23,1720,1.83
23,1721,1.83
23,1722,1.83
23,1723,1.83
23,1724,1.83
23,1725,1.83
23,1726,1.86
23,1727,1.86
23,1728,1.86
23,1729,1.86
23,1730,1.86
23,1731,1.86
23,1732,1.86
23,1733,1.86
23,1734,1.86
23,1735,1.86
23,1736,1.86
23,1737,1.86
23,1738,1.86
23,1739,1.86
23,1740,1.86
23,1741,1.86
23,1742,1.86
23,1743,1.86
23,1744,1.86
23,1745,1.86
23,1746,1.86
23,1747,1.86
23,1748,1.86
23,1749,1.88
23,1750,1.88
23,1751,1.88
23,1752,1.88
23,1753,1.88
23,1754,1.88
23,1755,1.88
23,1756,1.88
23,1757,1.88
23,1758,1.88
23,1759,1.88
23,1760,1.88
23,1761,1.88
23,1762,1.88
23,1763,1.88
23,1764,1.88
23,1765,1.88
23,1766,1.88
23,1767,1.88
23,1768,1.88
23,1769,1.88
23,1770,1.88
23,1771,1.88
23,1772,1.90
23,1773,1.90
23,1774,1.90
23,1775,1.90
23,1776,1.90
23,1777,1.90
23,1778,1.90
23,1779,1.90
23,1780,1.90
23,1781,1.90
23,1782,1.90
23,1783,1.90
23,1784,1.90
23,1785,1.90
23,1786,1.90
23,1787,1.90
23,1788,1.90
23,1789,1.90
23,1790,1.90
23,1791,1.90
23,1792,1.90
23,1793,1.90
23,1794,1.90
23,1795,1.93
23,1796,1.93
23,1797,1.93
23,1798,1.93
23,1799,1.93
23,1800,1.93
23,1801,1.93
23,1802,1.93
23,1803,1.93
23,1804,1.93
23,1805,1.93
23,1806,1.93
23,1807,1.93
23,1808,1.93
23,1809,1.93
23,1810,1.93
23,1811,1.93
23,1812,1.93
23,1813,1.93
23,1814,1.93
23,1815,1.93
23,1816,1.93
23,1817,1.93
23,1818,1.95
23,1819,1.95
23,1820,1.95
23,1821,1.95
23,1822,1.95
23,1823,1.95
23,1824,1.95
23,1825,1.95
23,1826,1.95
23,1827,1.95
23,1828,1.95
23,1829,1.95
23,1830,1.95
23,1831,1.95
23,1832,1.95
23,1833,1.95
23,1834,1.95
23,1835,1.95
23,1836,1.95
23,1837,1.95
23,1838,1.95
23,1839,1.95
23,1840,1.95
23,1841,1.97
23,1842,1.97
23,1843,1.97
23,1844,1.97
23,1845,1.97
23,1846,1.97
23,1847,1.97
23,1848,1.97
23,1849,1.97
23,1850,1.97
23,1851,1.97
23,1852,1.97
23,1853,1.97
23,1854,1.97
23,1855,1.97
23,1856,1.97
23,1857,1.97
23,1858,1.97
23,1859,1.97
23,1860,1.97
23,1861,1.97
23,1862,1.97
23,1863,1.97
23,1864,2.00
23,1865,2.00
23,1866,2.00
23,1867,2.00
23,1868,2.00
23,1869,2.00
23,1870,2.00
23,1871,2.00
23,1872,2.00
23,1873,2.00
23,1874,2.00
23,1875,2.00
23,1876,2.00
23,1877,2.00
23,1878,2.00
23,1879,2.00
23,1880,2.00
23,1881,2.00
23,1882,2.00
23,1883,2.00
23,1884,2.00
23,1885,2.00
23,1886,2.00
23,1887,2.02
23,1888,2.02
23,1889,2.02
23,1890,2.02
23,1891,2.02
23,1892,2.02
23,1893,2.02
23,1894,2.02
23,1895,2.02
23,1896,2.02
23,1897,2.02
23,1898,2.02
23,1899,2.02
23,1900,2.02
23,1901,2.02
23,1902,2.02
23,1903,2.02
23,1904,2.02
23,1905,2.02
23,1906,2.02
23,1907,2.02
23,1908,2.02
23,1909,2.02
23,1910,2.05
23,1911,2.05
23,1912,2.05
23,1913,2.05
23,1914,2.05
23,1915,2.05
23,1916,2.05
23,1917,2.05
23,1918,2.05
23,1919,2.05
23,1920,2.05
23,1921,2.05
23,1922,2.05
23,1923,2.05
23,1924,2.05
23,1925,2.05
23,1926,2.05
23,1927,2.05
23,1928,2.05
23,1929,2.05
23,1930,2.05
23,1931,2.05
23,1932,2.05
23,1933,2.07
23,1934,2.07
23,1935,2.07
23,1936,2.07
23,1937,2.07
23,1938,2.07
23,1939,2.07
23,1940,2.07
23,1941,2.07
23,1942,2.07
23,1943,2.07
23,1944,2.07
23,1945,2.07
23,1946,2.07
23,1947,2.07
23,1948,2.07
23,1949,2.07
23,1950,2.07
23,1951,2.07
23,1952,2.07
23,1953,2.07
23,1954,2.07
23,1955,2.07
23,1956,2.10
23,1957,2.10
23,1958,2.10
23,1959,2.10
23,1960,2.10
23,1961,2.10
23,1962,2.10
23,1963,2.10
23,1964,2.10
23,1965,2.10
23,1966,2.10
23,1967,2.10
23,1968,2.10
23,1969,2.10
23,1970,2.10
23,1971,2.10
23,1972,2.10
23,1973,2.10
23,1974,2.10
23,1975,2.10
23,1976,2.10
23,1977,2.10
23,1978,2.10
23,1979,2.12
23,1980,2.12
23,1981,2.12
23,1982,2.12
23,1983,2.12
23,1984,2.12
23,1985,2.12
23,1986,2.12
23,1987,2.12
23,1988,2.12
23,1989,2.12
23,1990,2.12
23,1991,2.12
23,1992,2.12
23,1993,2.12
23,1994,2.12
23,1995,2.12
23,1996,2.12
23,1997,2.12
23,1998,2.12
23,1999,2.12
23,2000,2.12
23,2001,2.12
23,2002,2.15
23,2003,2.15
23,2004,2.15
23,2005,2.15
23,2006,2.15
23,2007,2.15
23,2008,2.15
23,2009,2.15
23,2010,2.15
23,2011,2.15
23,2012,2.15
23,2013,2.15
23,2014,2.15
23,2015,2.15
23,2016,2.15
23,2017,2.15
23,2018,2.15
23,2019,2.15
23,2020,2.15
23,2021,2.15
23,2022,2.15
23,2023,2.15
23,2024,2.15
23,2025,2.17
23,2026,2.17
23,2027,2.17
23,2028,2.17
23,2029,2.17
23,2030,2.17
23,2031,2.17
23,2032,2.17
23,2033,2.17
23,2034,2.17
23,2035,2.17
23,2036,2.17
23,2037,2.17
23,2038,2.17
23,2039,2.17
23,2040,2.17
23,2041,2.17
23,2042,2.17
23,2043,2.17
23,2044,2.17
23,2045,2.17
23,2046,2.17
23,2047,2.17
23,2048,2.19
23,2049,2.19
23,2050,2.19
23,2051,2.19
23,2052,2.19
23,2053,2.19
23,2054,2.19
23,2055,2.19
23,2056,2.19
23,2057,2.19
23,2058,2.19
23,2059,2.19
23,2060,2.19
23,2061,2.19
23,2062,2.19
23,2063,2.19
23,2064,2.19
23,2065,2.19
23,2066,2.19
23,2067,2.19
23,2068,2.19
23,2069,2.19
23,2070,2.19
23,2071,2.22
23,2072,2.22
23,2073,2.22
23,2074,2.22
23,2075,2.22
23,2076,2.22
23,2077,2.22
23,2078,2.22
23,2079,2.22
23,2080,2.22
23,2081,2.22
23,2082,2.22
23,2083,2.22
23,2084,2.22
23,2085,2.22
23,2086,2.22
23,2087,2.22
23,2088,2.22
23,2089,2.22
23,2090,2.22
23,2091,2.22
23,2092,2.22
23,2093,2.22
23,2094,2.25
23,2095,2.25
23,2096,2.25
23,2097,2.25
23,2098,2.25
23,2099,2.25
23,2100,2.25
23,2101,2.25
23,2102,2.25
23,2103,2.25
23,2104,2.25
23,2105,2.25
23,2106,2.25
23,2107,2.25
23,2108,2.25
23,2109,2.25
23,2110,2.25
23,2111,2.25
23,2112,2.25
23,2113,2.25
23,2114,2.25
23,2115,2.25
23,2116,2.25
23,2117,2.27
23,2118,2.27
23,2119,2.27
23,2120,2.27
23,2121,2.27
23,2122,2.27
23,2123,2.27
23,2124,2.27
23,2125,2.27
23,2126,2.27
23,2127,2.27
23,2128,2.27
23,2129,2.27
23,2130,2.27
23,2131,2.27
23,2132,2.27
23,2133,2.27
23,2134,2.27
23,2135,2.27
23,2136,2.27
23,2137,2.27
23,2138,2.27
23,2139,2.27
23,2140,2.29
23,2141,2.29
23,2142,2.29
23,2143,2.29
23,2144,2.29
23,2145,2.29
23,2146,2.29
23,2147,2.29
23,2148,2.29
23,2149,2.29
23,2150,2.29
23,2151,2.29
23,2152,2.29
23,2153,2.29
23,2154,2.29
23,2155,2.29
23,2156,2.29
23,2157,2.29
23,2158,2.29
23,2159,2.29
23,2160,2.29
23,2161,2.29
23,2162,2.29
23,2163,2.32
23,2164,2.32
23,2165,2.32
23,2166,2.32
23,2167,2.32
23,2168,2.32
23,2169,2.32
23,2170,2.32
23,2171,2.32
23,2172,2.32
23,2173,2.32
23,2174,2.32
23,2175,2.32
23,2176,2.32
23,2177,2.32
23,2178,2.32
23,2179,2.32
23,2180,2.32
23,2181,2.32
23,2182,2.32
23,2183,2.32
23,2184,2.32
23,2185,2.32
23,2186,2.34
23,2187,2.34
23,2188,2.34
23,2189,2.34
23,2190,2.34
23,2191,2.34
23,2192,2.34
23,2193,2.34
23,2194,2.34
23,2195,2.34
23,2196,2.34
23,2197,2.34
23,2198,2.34
23,2199,2.34
23,2200,2.34
23,2201,2.34
23,2202,2.34
23,2203,2.34
23,2204,2.34
23,2205,2.34
23,2206,2.34
23,2207,2.34
23,2208,2.34
23,2209,2.36
23,2210,2.36
23,2211,2.36
23,2212,2.36
23,2213,2.36
23,2214,2.36
23,2215,2.36
23,2216,2.36
23,2217,2.36
23,2218,2.36
23,2219,2.36
23,2220,2.36
23,2221,2.36
23,2222,2.36
23,2223,2.36
23,2224,2.36
23,2225,2.36
23,2226,2.36
23,2227,2.36
23,2228,2.36
23,2229,2.36
23,2230,2.36
23,2231,2.36
23,2232,2.39
23,2233,2.39
23,2234,2.39
23,2235,2.39
23,2236,2.39
23,2237,2.39
23,2238,2.39
23,2239,2.39
23,2240,2.39
23,2241,2.39
23,2242,2.39
23,2243,2.39
23,2244,2.39
23,2245,2.39
23,2246,2.39
23,2247,2.39
23,2248,2.39
23,2249,2.39
23,2250,2.39
23,2251,2.39
23,2252,2.39
23,2253,2.39
23,2254,2.39
23,2255,2.42
23,2256,2.42
23,2257,2.42
23,2258,2.42
23,2259,2.42
23,2260,2.42
23,2261,2.42
23,2262,2.42
23,2263,2.42
23,2264,2.42
23,2265,2.42
23,2266,2.42
23,2267,2.42
23,2268,2.42
23,2269,2.42
23,2270,2.42
23,2271,2.42
23,2272,2.42
23,2273,2.42
23,2274,2.42
23,2275,2.42
23,2276,2.42
23,2277,2.42
23,2278,5.68
23,2279,5.68
23,2280,5.68
23,2281,5.68
23,2282,5.68
23,2283,5.68
23,2284,5.68
23,2285,5.68
23,2286,5.68
23,2287,5.68
23,2288,5.68
23,2289,5.68
23,2290,5.68
23,2291,5.68
23,2292,5.68
23,2293,5.68
23,2294,5.68
23,2295,5.68
23,2296,5.68
23,2297,5.68
23,2298,5.68
23,2299,5.68
23,2300,5.68
23,2301,5.71
23,2302,5.71
23,2303,5.71
23,2304,5.71
23,2305,5.71
23,2306,5.71
23,2307,5.71
23,2308,5.71
23,2309,5.71
23,2310,5.71
23,2311,5.71
23,2312,5.71
23,2313,5.71
23,2314,5.71
23,2315,5.71
23,2316,5.71
23,2317,5.71
23,2318,5.71
23,2319,5.71
23,2320,5.71
23,2321,5.71
23,2322,5.71
23,2323,5.71
23,2324,5.68
23,2325,5.68
23,2326,5.68
23,2327,5.68
23,2328,5.68
23,2329,5.68
23,2330,5.68
23,2331,5.68
23,2332,5.68
23,2333,5.68
23,2334,5.68
23,2335,5.68
23,2336,5.68
23,2337,5.68
23,2338,5.68
23,2339,5.68
23,2340,5.68
23,2341,5.68
23,2342,5.68
23,2343,5.68
23,2344,5.68
23,2345,5.68
23,2346,5.68
23,2347,5.68
23,2348,5.68
23,2349,5.68
23,2350,5.68
23,2351,5.68
23,2352,5.68
23,2353,5.68
23,2354,5.68
23,2355,5.68
23,2356,5.68
23,2357,5.68
23,2358,5.68
23,2359,5.68
23,2360,5.68
23,2361,5.68
23,2362,5.68
23,2363,5.68
23,2364,5.68
23,2365,5.68
23,2366,5.68
23,2367,5.68
23,2368,5.68
23,2369,5.68
23,2370,5.68
23,2371,5.68
23,2372,5.68
23,2373,5.68
23,2374,5.68
23,2375,5.68
23,2376,5.68
23,2377,5.68
23,2378,5.68
23,2379,5.68
23,2380,5.68
23,2381,5.68
23,2382,5.68
23,2383,5.68
23,2384,5.68
23,2385,5.68
23,2386,5.68
23,2387,5.68
23,2388,5.68
23,2389,5.68
23,2390,5.68
23,2391,5.68
23,2392,5.68
23,2393,5.66
23,2394,5.66
23,2395,5.66
23,2396,5.66
23,2397,5.66
23,2398,5.66
23,2399,5.66
23,2400,5.66
23,2401,5.66
23,2402,5.66
23,2403,5.66
23,2404,5.66
23,2405,5.66
23,2406,5.66
23,2407,5.66
23,2408,5.66
23,2409,5.66
23,2410,5.66
23,2411,5.66
23,2412,5.66
23,2413,5.66
23,2414,5.66
23,2415,5.66
23,2416,5.66
23,2417,5.66
23,2418,5.66
23,2419,5.66
23,2420,5.66
23,2421,5.66
23,2422,5.66
23,2423,5.66
23,2424,5.66
23,2425,5.66
23,2426,5.66
23,2427,5.66
23,2428,5.66
23,2429,5.66
23,2430,5.66
23,2431,5.66
23,2432,5.66
23,2433,5.66
23,2434,5.66
23,2435,5.66
23,2436,5.66
23,2437,5.66
23,2438,5.66
23,2439,5.66
23,2440,5.66
23,2441,5.66
23,2442,5.66
23,2443,5.66
23,2444,5.66
23,2445,5.66
23,2446,5.66
23,2447,5.66
23,2448,5.66
23,2449,5.66
23,2450,5.66
23,2451,5.66
23,2452,5.66
23,2453,5.66
23,2454,5.66
23,2455,5.66
23,2456,5.66
23,2457,5.66
23,2458,5.66
23,2459,5.66
23,2460,5.66
23,2461,5.66
23,2462,5.66
23,2463,5.66
23,2464,5.66
23,2465,5.66
23,2466,5.66
23,2467,5.66
23,2468,5.66
23,2469,5.66
23,2470,5.66
23,2471,5.66
23,2472,5.66
23,2473,5.66
23,2474,5.66
23,2475,5.66
23,2476,5.66
23,2477,5.66
23,2478,5.66
23,2479,5.66
23,2480,5.66
23,2481,5.66
23,2482,5.66
23,2483,5.66
23,2484,5.66
23,2485,5.66
23,2486,5.66
23,2487,5.66
23,2488,5.66
23,2489,5.66
23,2490,5.66
23,2491,5.66
23,2492,5.66
23,2493,5.66
23,2494,5.66
23,2495,5.66
23,2496,5.66
23,2497,5.66
23,2498,5.66
23,2499,5.66
23,2500,5.66
23,2501,5.66
23,2502,5.66
23,2503,5.66
23,2504,5.66
23,2505,5.66
23,2506,5.66
23,2507,5.66
23,2508,5.64
23,2509,5.64
23,2510,5.64
23,2511,5.64
23,2512,5.64
23,2513,5.64
23,2514,5.64
23,2515,5.64
23,2516,5.64
23,2517,5.64
23,2518,5.64
23,2519,5.64
23,2520,5.64
23,2521,5.64
23,2522,5.64
23,2523,5.64
23,2524,5.64
23,2525,5.64
23,2526,5.64
23,2527,5.64
23,2528,5.64
23,2529,5.64
23,2530,5.64
23,2531,8.59
23,2532,8.59
23,2533,8.59
23,2534,8.59
23,2535,8.59
23,2536,8.59
23,2537,8.59
23,2538,8.59
23,2539,8.59
23,2540,8.59
23,2541,8.59
23,2542,8.59
23,2543,8.59
23,2544,8.59
23,2545,8.59
23,2546,8.59
23,2547,8.59
23,2548,8.59
23,2549,8.59
23,2550,8.59
23,2551,8.59
23,2552,8.59
23,2553,8.59
23,2554,8.54
23,2555,8.54
23,2556,8.54
23,2557,8.54
23,2558,8.54
23,2559,8.54
23,2560,8.54
23,2561,8.54
23,2562,8.54
23,2563,8.54
23,2564,8.54
23,2565,8.54
23,2566,8.54
23,2567,8.54
23,2568,8.54
23,2569,8.54
23,2570,8.54
23,2571,8.54
23,2572,8.54
23,2573,8.54
23,2574,8.54
23,2575,8.54
23,2576,8.54
23,2577,8.52
23,2578,8.52
23,2579,8.52
23,2580,8.52
23,2581,8.52
23,2582,8.52
23,2583,8.52
23,2584,8.52
23,2585,8.52
23,2586,8.52
23,2587,8.52
23,2588,8.52
23,2589,8.52
23,2590,8.52
23,2591,8.52
23,2592,8.52
23,2593,8.52
23,2594,8.52
23,2595,8.52
23,2596,8.52
23,2597,8.52
23,2598,8.52
23,2599,8.52
23,2600,8.50
23,2601,8.50
23,2602,8.50
23,2603,8.50
23,2604,8.50
23,2605,8.50
23,2606,8.50
23,2607,8.50
23,2608,8.50
23,2609,8.50
23,2610,8.50
23,2611,8.50
23,2612,8.50
23,2613,8.50
23,2614,8.50
23,2615,8.50
23,2616,8.50
23,2617,8.50
23,2618,8.50
23,2619,8.50
23,2620,8.50
23,2621,8.50
23,2622,8.50
23,2623,11.33
23,2624,11.33
23,2625,11.33
23,2626,11.33
23,2627,11.33
23,2628,11.33
23,2629,11.33
23,2630,11.33
23,2631,11.33
23,2632,11.33
23,2633,11.33
23,2634,11.33
23,2635,11.33
23,2636,11.33
23,2637,11.33
23,2638,11.33
23,2639,11.33
23,2640,11.33
23,2641,11.33
23,2642,11.33
23,2643,11.33
23,2644,11.33
23,2645,11.33
23,2646,14.06
23,2647,14.06
23,2648,14.06
23,2649,14.06
23,2650,14.06
23,2651,14.06
23,2652,14.06
23,2653,14.06
23,2654,14.06
23,2655,14.06
23,2656,14.06
23,2657,14.06
23,2658,14.06
23,2659,14.06
23,2660,14.06
23,2661,14.06
23,2662,14.06
23,2663,14.06
23,2664,14.06
23,2665,14.06
23,2666,14.06
23,2667,14.06
23,2668,14.06
23,2669,13.99
23,2670,13.99
23,2671,13.99
23,2672,13.99
23,2673,13.99
23,2674,13.99
23,2675,13.99
23,2676,13.99
23,2677,13.99
23,2678,13.99
23,2679,13.99
23,2680,13.99
23,2681,13.99
23,2682,13.99
23,2683,13.99
23,2684,13.99
23,2685,13.99
23,2686,13.99
23,2687,13.99
23,2688,13.99
23,2689,13.99
23,2690,13.99
23,2691,13.99
23,2692,13.91
23,2693,13.91
23,2694,13.91
23,2695,13.91
23,2696,13.91
23,2697,13.91
23,2698,13.91
23,2699,13.91
23,2700,13.91
23,2701,13.91
23,2702,13.91
23,2703,13.91
23,2704,13.91
23,2705,13.91
23,2706,13.91
23,2707,13.91
23,2708,13.91
23,2709,13.91
23,2710,13.91
23,2711,13.91
23,2712,13.91
23,2713,13.91
23,2714,13.91
23,2715,16.60
23,2716,16.60
23,2717,16.60
23,2718,16.60
23,2719,16.60
23,2720,16.60
23,2721,16.60
23,2722,16.60
23,2723,16.60
23,2724,16.60
23,2725,16.60
23,2726,16.60
23,2727,16.60
23,2728,16.60
23,2729,16.60
23,2730,16.60
23,2731,16.60
23,2732,16.60
23,2733,16.60
23,2734,16.60
23,2735,16.60
23,2736,16.60
23,2737,16.60
23,2738,16.48
23,2739,16.48
23,2740,16.48
23,2741,16.48
23,2742,16.48
23,2743,16.48
23,2744,16.48
23,2745,16.48
23,2746,16.48
23,2747,16.48
23,2748,16.48
23,2749,16.48
23,2750,16.48
23,2751,16.48
23,2752,16.48
23,2753,16.48
23,2754,16.48
23,2755,16.48
23,2756,16.48
23,2757,16.48
23,2758,16.48
23,2759,16.48
23,2760,16.48
23,2761,19.09
23,2762,19.09
23,2763,19.09
23,2764,19.09
23,2765,19.09
23,2766,19.09
23,2767,19.09
23,2768,19.09
23,2769,19.09
23,2770,19.09
23,2771,19.09
23,2772,19.09
23,2773,19.09
23,2774,19.09
23,2775,19.09
23,2776,19.09
23,2777,19.09
23,2778,19.09
23,2779,19.09
23,2780,19.09
23,2781,19.09
23,2782,19.09
23,2783,19.09
23,2784,18.97
23,2785,18.97
23,2786,18.97
23,2787,18.97
23,2788,18.97
23,2789,18.97
23,2790,18.97
23,2791,18.97
23,2792,18.97
23,2793,18.97
23,2794,18.97
23,2795,18.97
23,2796,18.97
23,2797,18.97
23,2798,18.97
23,2799,18.97
23,2800,18.97
23,2801,18.97
23,2802,18.97
23,2803,18.97
23,2804,18.97
23,2805,18.97
23,2806,18.97
23,2807,18.92
23,2808,18.92
23,2809,18.92
23,2810,18.92
23,2811,18.92
23,2812,18.92
23,2813,18.92
23,2814,18.92
23,2815,18.92
23,2816,18.92
23,2817,18.92
23,2818,18.92
23,2819,18.92
23,2820,18.92
23,2821,18.92
23,2822,18.92
23,2823,18.92
23,2824,18.92
23,2825,18.92
23,2826,18.92
23,2827,18.92
23,2828,18.92
23,2829,18.92
23,2830,21.34
23,2831,21.34
23,2832,21.34
23,2833,21.34
23,2834,21.34
23,2835,21.34
23,2836,21.34
23,2837,21.34
23,2838,21.34
23,2839,21.34
23,2840,21.34
23,2841,21.34
23,2842,21.34
23,2843,21.34
23,2844,21.34
23,2845,21.34
23,2846,21.34
23,2847,21.34
23,2848,21.34
23,2849,21.34
23,2850,21.34
23,2851,21.34
23,2852,21.34
23,2853,23.90
23,2854,23.90
23,2855,23.90
23,2856,23.90
23,2857,23.90
23,2858,23.90
23,2859,23.90
23,2860,23.90
23,2861,23.90
23,2862,23.90
23,2863,23.90
23,2864,23.90
23,2865,23.90
23,2866,23.90
23,2867,23.90
23,2868,23.90
23,2869,23.90
23,2870,23.90
23,2871,23.90
23,2872,23.90
23,2873,23.90
23,2874,23.90
23,2875,23.90
23,2876,23.71
23,2877,23.71
23,2878,23.71
23,2879,23.71
23,2880,23.71
23,2881,23.71
23,2882,23.71
23,2883,23.71
23,2884,23.71
23,2885,23.71
23,2886,23.71
23,2887,23.71
23,2888,23.71
23,2889,23.71
23,2890,23.71
23,2891,23.71
23,2892,23.71
23,2893,23.71
23,2894,23.71
23,2895,23.71
23,2896,23.71
23,2897,23.71
23,2898,23.71
23,2899,23.58
23,2900,23.58
23,2901,23.58
23,2902,23.58
23,2903,23.58
23,2904,23.58
23,2905,23.58
23,2906,23.58
23,2907,23.58
23,2908,23.58
23,2909,23.58
23,2910,23.58
23,2911,23.58
23,2912,23.58
23,2913,23.58
23,2914,23.58
23,2915,23.58
23,2916,23.58
23,2917,23.58
23,2918,23.58
23,2919,23.58
23,2920,23.58
23,2921,23.58
23,2922,23.44
23,2923,23.44
23,2924,23.44
23,2925,23.44
23,2926,23.44
23,2927,23.44
23,2928,23.44
23,2929,23.44
23,2930,23.44
23,2931,23.44
23,2932,23.44
23,2933,23.44
23,2934,23.44
23,2935,23.44
23,2936,23.44
23,2937,23.44
23,2938,23.44
23,2939,23.44
23,2940,23.44
23,2941,23.44
23,2942,23.44
23,2943,23.44
23,2944,23.44
23,2945,23.26
23,2946,23.26
23,2947,23.26
23,2948,23.26
23,2949,23.26
23,2950,23.26
23,2951,23.26
23,2952,23.26
23,2953,23.26
23,2954,23.26
23,2955,23.26
23,2956,23.26
23,2957,23.26
23,2958,23.26
23,2959,23.26
23,2960,23.26
23,2961,23.26
23,2962,23.26
23,2963,23.26
23,2964,23.26
23,2965,23.26
23,2966,23.26
23,2967,23.26
23,2968,25.73
23,2969,25.73
23,2970,25.73
23,2971,25.73
23,2972,25.73
23,2973,25.73
23,2974,25.73
23,2975,25.73
23,2976,25.73
23,2977,25.73
23,2978,25.73
23,2979,25.73
23,2980,25.73
23,2981,25.73
23,2982,25.73
23,2983,25.73
23,2984,25.73
23,2985,25.73
23,2986,25.73
23,2987,25.73
23,2988,25.73
23,2989,25.73
23,2990,25.73
23,2991,25.49
23,2992,25.49
23,2993,25.49
23,2994,25.49
23,2995,25.49
23,2996,25.49
23,2997,25.49
23,2998,25.49
23,2999,25.49
23,3000,25.49
23,3001,25.49
23,3002,25.49
23,3003,25.49
23,3004,25.49
23,3005,25.49
23,3006,25.49
23,3007,25.49
23,3008,25.49
23,3009,25.49
23,3010,25.49
23,3011,25.49
23,3012,25.49
23,3013,25.49
23,3014,25.41
23,3015,25.41
23,3016,25.41
23,3017,25.41
23,3018,25.41
23,3019,25.41
23,3020,25.41
23,3021,25.41
23,3022,25.41
23,3023,25.41
23,3024,25.41
23,3025,25.41
23,3026,25.41
23,3027,25.41
23,3028,25.41
23,3029,25.41
23,3030,25.41
23,3031,25.41
23,3032,25.41
23,3033,25.41
23,3034,25.41
23,3035,25.41
23,3036,25.41
23,3037,27.66
23,3038,27.66
23,3039,27.66
23,3040,27.66
23,3041,27.66
23,3042,27.66
23,3043,27.66
23,3044,27.66
23,3045,27.66
23,3046,27.66
23,3047,27.66
23,3048,27.66
23,3049,27.66
23,3050,27.66
23,3051,27.66
23,3052,27.66
23,3053,27.66
23,3054,27.66
23,3055,27.66
23,3056,27.66
23,3057,27.66
23,3058,27.66
23,3059,27.66
23,3060,27.49
23,3061,27.49
23,3062,27.49
23,3063,27.49
23,3064,27.49
23,3065,27.49
23,3066,27.49
23,3067,27.49
23,3068,27.49
23,3069,27.49
23,3070,27.49
23,3071,27.49
23,3072,27.49
23,3073,27.49
23,3074,27.49
23,3075,27.49
23,3076,27.49
23,3077,27.49
23,3078,27.49
23,3079,27.49
23,3080,27.49
23,3081,27.49
23,3082,27.49
23,3083,29.79
23,3084,29.79
23,3085,29.79
23,3086,29.79
23,3087,29.79
23,3088,29.79
23,3089,29.79
23,3090,29.79
23,3091,29.79
23,3092,29.79
23,3093,29.79
23,3094,29.79
23,3095,29.79
23,3096,29.79
23,3097,29.79
23,3098,29.79
23,3099,29.79
23,3100,29.79
23,3101,29.79
23,3102,29.79
23,3103,29.79
23,3104,29.79
23,3105,29.79
23,3106,29.98
23,3107,29.98
23,3108,29.98
23,3109,29.98
23,3110,29.98
23,3111,29.98
23,3112,29.98
23,3113,29.98
23,3114,29.98
23,3115,29.98
23,3116,29.98
23,3117,29.98
23,3118,29.98
23,3119,29.98
23,3120,29.98
23,3121,29.98
23,3122,29.98
23,3123,29.98
23,3124,29.98
23,3125,29.98
23,3126,29.98
23,3127,29.98
23,3128,29.98
23,3129,32.23
23,3130,32.23
23,3131,32.23
23,3132,32.23
23,3133,32.23
23,3134,32.23
23,3135,32.23
23,3136,32.23
23,3137,32.23
23,3138,32.23
23,3139,32.23
23,3140,32.23
23,3141,32.23
23,3142,32.23
23,3143,32.23
23,3144,32.23
23,3145,32.23
23,3146,32.23
23,3147,32.23
23,3148,32.23
23,3149,32.23
23,3150,32.23
23,3151,32.23
23,3152,32.54
23,3153,32.54
23,3154,32.54
23,3155,32.54
23,3156,32.54
23,3157,32.54
23,3158,32.54
23,3159,32.54
23,3160,32.54
23,3161,32.54
23,3162,32.54
23,3163,32.54
23,3164,32.54
23,3165,32.54
23,3166,32.54
23,3167,32.54
23,3168,32.54
23,3169,32.54
23,3170,32.54
23,3171,32.54
23,3172,32.54
23,3173,32.54
23,3174,32.54
23,3175,34.59
23,3176,34.59
23,3177,34.59
23,3178,34.59
23,3179,34.59
23,3180,34.59
23,3181,34.59
23,3182,34.59
23,3183,34.59
23,3184,34.59
23,3185,34.59
23,3186,34.59
23,3187,34.59
23,3188,34.59
23,3189,34.59
23,3190,34.59
23,3191,34.59
23,3192,34.59
23,3193,34.59
23,3194,34.59
23,3195,34.59
23,3196,34.59
23,3197,34.59
23,3198,34.47
23,3199,34.47
23,3200,34.47
23,3201,34.47
23,3202,34.47
23,3203,34.47
23,3204,34.47
23,3205,34.47
23,3206,34.47
23,3207,34.47
23,3208,34.47
23,3209,34.47
23,3210,34.47
23,3211,34.47
23,3212,34.47
23,3213,34.47
23,3214,34.47
23,3215,34.47
23,3216,34.47
23,3217,34.47
23,3218,34.47
23,3219,34.47
23,3220,34.47
23,3221,36.55
23,3222,36.55
23,3223,36.55
23,3224,36.55
23,3225,36.55
23,3226,36.55
23,3227,36.55
23,3228,36.55
23,3229,36.55
23,3230,36.55
23,3231,36.55
23,3232,36.55
23,3233,36.55
23,3234,36.55
23,3235,36.55
23,3236,36.55
23,3237,36.55
23,3238,36.55
23,3239,36.55
23,3240,36.55
23,3241,36.55
23,3242,36.55
23,3243,36.55
23,3244,38.52
23,3245,38.52
23,3246,38.52
23,3247,38.52
23,3248,38.52
23,3249,38.52
23,3250,38.52
23,3251,38.52
23,3252,38.52
23,3253,38.52
23,3254,38.52
23,3255,38.52
23,3256,38.52
23,3257,38.52
23,3258,38.52
23,3259,38.52
23,3260,38.52
23,3261,38.52
23,3262,38.52
23,3263,38.52
23,3264,38.52
23,3265,38.52
23,3266,38.52
23,3267,40.65
23,3268,40.65
23,3269,40.65
23,3270,40.65
23,3271,40.65
23,3272,40.65
23,3273,40.65
23,3274,40.65
23,3275,40.65
23,3276,40.65
23,3277,40.65
23,3278,40.65
23,3279,40.65
23,3280,40.65
23,3281,40.65
23,3282,40.65
23,3283,40.65
23,3284,40.65
23,3285,40.65
23,3286,40.65
23,3287,40.65
23,3288,40.65
23,3289,40.65
23,3290,40.82
23,3291,40.82
23,3292,40.82
23,3293,40.82
23,3294,40.82
23,3295,40.82
23,3296,40.82
23,3297,40.82
23,3298,40.82
23,3299,40.82
23,3300,40.82
23,3301,40.82
23,3302,40.82
23,3303,40.82
23,3304,40.82
23,3305,40.82
23,3306,40.82
23,3307,40.82
23,3308,40.82
23,3309,40.82
23,3310,40.82
23,3311,40.82
23,3312,40.82
23,3313,41.02
23,3314,41.02
23,3315,41.02
23,3316,41.02
23,3317,41.02
23,3318,41.02
23,3319,41.02
23,3320,41.02
23,3321,41.02
23,3322,41.02
23,3323,41.02
23,3324,41.02
23,3325,41.02
23,3326,41.02
23,3327,41.02
23,3328,41.02
23,3329,41.02
23,3330,41.02
23,3331,41.02
23,3332,41.02
23,3333,41.02
23,3334,41.02
23,3335,41.02
23,3336,40.87
23,3337,40.87
23,3338,40.87
23,3339,40.87
23,3340,40.87
23,3341,40.87
23,3342,40.87
23,3343,40.87
23,3344,40.87
23,3345,40.87
23,3346,40.87
23,3347,40.87
23,3348,40.87
23,3349,40.87
23,3350,40.87
23,3351,40.87
23,3352,40.87
23,3353,40.87
23,3354,40.87
23,3355,40.87
23,3356,40.87
23,3357,40.87
23,3358,40.87
23,3359,41.02
23,3360,41.02
23,3361,41.02
23,3362,41.02
23,3363,41.02
23,3364,41.02
23,3365,41.02
23,3366,41.02
23,3367,41.02
23,3368,41.02
23,3369,41.02
23,3370,41.02
23,3371,41.02
23,3372,41.02
23,3373,41.02
23,3374,41.02
23,3375,41.02
23,3376,41.02
23,3377,41.02
23,3378,41.02
23,3379,41.02
23,3380,41.02
23,3381,41.02
23,3382,41.14
23,3383,41.14
23,3384,41.14
23,3385,41.14
23,3386,41.14
23,3387,41.14
23,3388,41.14
23,3389,41.14
23,3390,41.14
23,3391,41.14
23,3392,41.14
23,3393,41.14
23,3394,41.14
23,3395,41.14
23,3396,41.14
23,3397,41.14
23,3398,41.14
23,3399,41.14
23,3400,41.14
23,3401,41.14
23,3402,41.14
23,3403,41.14
23,3404,41.14
23,3405,43.14
23,3406,43.14
23,3407,43.14
23,3408,43.14
23,3409,43.14
23,3410,43.14
23,3411,43.14
23,3412,43.14
23,3413,43.14
23,3414,43.14
23,3415,43.14
23,3416,43.14
23,3417,43.14
23,3418,43.14
23,3419,43.14
23,3420,43.14
23,3421,43.14
23,3422,43.14
23,3423,43.14
23,3424,43.14
23,3425,43.14
23,3426,43.14
23,3427,43.14
23,3428,45.09
23,3429,45.09
23,3430,45.09
23,3431,45.09
23,3432,45.09
23,3433,45.09
23,3434,45.09
23,3435,45.09
23,3436,45.09
23,3437,45.09
23,3438,45.09
23,3439,45.09
23,3440,45.09
23,3441,45.09
23,3442,45.09
23,3443,45.09
23,3444,45.09
23,3445,45.09
23,3446,45.09
23,3447,45.09
23,3448,45.09
23,3449,45.09
23,3450,45.09
23,3451,46.88
23,3452,46.88
23,3453,46.88
23,3454,46.88
23,3455,46.88
23,3456,46.88
23,3457,46.88
23,3458,46.88
23,3459,46.88
23,3460,46.88
23,3461,46.88
23,3462,46.88
23,3463,46.88
23,3464,46.88
23,3465,46.88
23,3466,46.88
23,3467,46.88
23,3468,46.88
23,3469,46.88
23,3470,46.88
23,3471,46.88
23,3472,46.88
23,3473,46.88
23,3474,48.75
23,3475,48.75
23,3476,48.75
23,3477,48.75
23,3478,48.75
23,3479,48.75
23,3480,48.75
23,3481,48.75
23,3482,48.75
23,3483,48.75
23,3484,48.75
23,3485,48.75
23,3486,48.75
23,3487,48.75
23,3488,48.75
23,3489,48.75
23,3490,48.75
23,3491,48.75
23,3492,48.75
23,3493,48.75
23,3494,48.75
23,3495,48.75
23,3496,48.75
23,3497,50.63
23,3498,50.63
23,3499,50.63
23,3500,50.63
23,3501,50.63
23,3502,50.63
23,3503,50.63
23,3504,50.63
23,3505,50.63
23,3506,50.63
23,3507,50.63
23,3508,50.63
23,3509,50.63
23,3510,50.63
23,3511,50.63
23,3512,50.63
23,3513,50.63
23,3514,50.63
23,3515,50.63
23,3516,50.63
23,3517,50.63
23,3518,50.63
23,3519,50.63
23,3520,52.42
23,3521,52.42
23,3522,52.42
23,3523,52.42
23,3524,52.42
23,3525,52.42
23,3526,52.42
23,3527,52.42
23,3528,52.42
23,3529,52.42
23,3530,52.42
23,3531,52.42
23,3532,52.42
23,3533,52.42
23,3534,52.42
23,3535,52.42
23,3536,52.42
23,3537,52.42
23,3538,52.42
23,3539,52.42
23,3540,52.42
23,3541,52.42
23,3542,52.42
23,3543,54.20
23,3544,54.20
23,3545,54.20
23,3546,54.20
23,3547,54.20
23,3548,54.20
23,3549,54.20
23,3550,54.20
23,3551,54.20
23,3552,54.20
23,3553,54.20
23,3554,54.20
23,3555,54.20
23,3556,54.20
23,3557,54.20
23,3558,54.20
23,3559,54.20
23,3560,54.20
23,3561,54.20
23,3562,54.20
23,3563,54.20
23,3564,54.20
23,3565,54.20
23,3566,56.01
23,3567,56.01
23,3568,56.01
23,3569,56.01
23,3570,56.01
23,3571,56.01
23,3572,56.01
23,3573,56.01
23,3574,56.01
23,3575,56.01
23,3576,56.01
23,3577,56.01
23,3578,56.01
23,3579,56.01
23,3580,56.01
23,3581,56.01
23,3582,56.01
23,3583,56.01
23,3584,56.01
23,3585,56.01
23,3586,56.01
23,3587,56.01
23,3588,56.01
23,3589,56.08
23,3590,56.08
23,3591,56.08
23,3592,56.08
23,3593,56.08
23,3594,56.08
23,3595,56.08
23,3596,56.08
23,3597,56.08
23,3598,56.08
23,3599,56.08
23,3600,56.08
23,3601,56.08
23,3602,56.08
23,3603,56.08
23,3604,56.08
23,3605,56.08
23,3606,56.08
23,3607,56.08
23,3608,56.08
23,3609,56.08
23,3610,56.08
23,3611,56.08
23,3612,57.74
23,3613,57.74
23,3614,57.74
23,3615,57.74
23,3616,57.74
23,3617,57.74
23,3618,57.74
23,3619,57.74
23,3620,57.74
23,3621,57.74
23,3622,57.74
23,3623,57.74
23,3624,57.74
23,3625,57.74
23,3626,57.74
23,3627,57.74
23,3628,57.74
23,3629,57.74
23,3630,57.74
23,3631,57.74
23,3632,57.74
23,3633,57.74
23,3634,57.74
23,3635,57.81
23,3636,57.81
23,3637,57.81
23,3638,57.81
23,3639,57.81
23,3640,57.81
23,3641,57.81
23,3642,57.81
23,3643,57.81
23,3644,57.81
23,3645,57.81
23,3646,57.81
23,3647,57.81
23,3648,57.81
23,3649,57.81
23,3650,57.81
23,3651,57.81
23,3652,57.81
23,3653,57.81
23,3654,57.81
23,3655,57.81
23,3656,57.81
23,3657,57.81
23,3658,59.33
23,3659,59.33
23,3660,59.33
23,3661,59.33
23,3662,59.33
23,3663,59.33
23,3664,59.33
23,3665,59.33
23,3666,59.33
23,3667,59.33
23,3668,59.33
23,3669,59.33
23,3670,59.33
23,3671,59.33
23,3672,59.33
23,3673,59.33
23,3674,59.33
23,3675,59.33
23,3676,59.33
23,3677,59.33
23,3678,59.33
23,3679,59.33
23,3680,59.33
23,3681,59.40
23,3682,59.40
23,3683,59.40
23,3684,59.40
23,3685,59.40
23,3686,59.40
23,3687,59.40
23,3688,59.40
23,3689,59.40
23,3690,59.40
23,3691,59.40
23,3692,59.40
23,3693,59.40
23,3694,59.40
23,3695,59.40
23,3696,59.40
23,3697,59.40
23,3698,59.40
23,3699,59.40
23,3700,59.40
23,3701,59.40
23,3702,59.40
23,3703,59.40
23,3704,60.99
23,3705,60.99
23,3706,60.99
23,3707,60.99
23,3708,60.99
23,3709,60.99
23,3710,60.99
23,3711,60.99
23,3712,60.99
23,3713,60.99
23,3714,60.99
23,3715,60.99
23,3716,60.99
23,3717,60.99
23,3718,60.99
23,3719,60.99
23,3720,60.99
23,3721,60.99
23,3722,60.99
23,3723,60.99
23,3724,60.99
23,3725,60.99
23,3726,60.99
23,3727,61.06
23,3728,61.06
23,3729,61.06
23,3730,61.06
23,3731,61.06
23,3732,61.06
23,3733,61.06
23,3734,61.06
23,3735,61.06
23,3736,61.06
23,3737,61.06
23,3738,61.06
23,3739,61.06
23,3740,61.06
23,3741,61.06
23,3742,61.06
23,3743,61.06
23,3744,61.06
23,3745,61.06
23,3746,61.06
23,3747,61.06
23,3748,61.06
23,3749,61.06
23,3750,61.35
23,3751,61.35
23,3752,61.35
23,3753,61.35
23,3754,61.35
23,3755,61.35
23,3756,61.35
23,3757,61.35
23,3758,61.35
23,3759,61.35
23,3760,61.35
23,3761,61.35
23,3762,61.35
23,3763,61.35
23,3764,61.35
23,3765,61.35
23,3766,61.35
23,3767,61.35
23,3768,61.35
23,3769,61.35
23,3770,61.35
23,3771,61.35
23,3772,61.35
23,3773,62.77
23,3774,62.77
23,3775,62.77
23,3776,62.77
23,3777,62.77
23,3778,62.77
23,3779,62.77
23,3780,62.77
23,3781,62.77
23,3782,62.77
23,3783,62.77
23,3784,62.77
23,3785,62.77
23,3786,62.77
23,3787,62.77
23,3788,62.77
23,3789,62.77
23,3790,62.77
23,3791,62.77
23,3792,62.77
23,3793,62.77
23,3794,62.77
23,3795,62.77
23,3796,64.06
23,3797,64.06
23,3798,64.06
23,3799,64.06
23,3800,64.06
23,3801,64.06
23,3802,64.06
23,3803,64.06
23,3804,64.06
23,3805,64.06
23,3806,64.06
23,3807,64.06
23,3808,64.06
23,3809,64.06
23,3810,64.06
23,3811,64.06
23,3812,64.06
23,3813,64.06
23,3814,64.06
23,3815,64.06
23,3816,64.06
23,3817,64.06
23,3818,64.06
23,3819,63.79
23,3820,63.79
23,3821,63.79
23,3822,63.79
23,3823,63.79
23,3824,63.79
23,3825,63.79
23,3826,63.79
23,3827,63.79
23,3828,63.79
23,3829,63.79
23,3830,63.79
23,3831,63.79
23,3832,63.79
23,3833,63.79
23,3834,63.79
23,3835,63.79
23,3836,63.79
23,3837,63.79
23,3838,63.79
23,3839,63.79
23,3840,63.79
23,3841,63.79
23,3842,63.53
23,3843,63.53
23,3844,63.53
23,3845,63.53
23,3846,63.53
23,3847,63.53
23,3848,63.53
23,3849,63.53
23,3850,63.53
23,3851,63.53
23,3852,63.53
23,3853,63.53
23,3854,63.53
23,3855,63.53
23,3856,63.53
23,3857,63.53
23,3858,63.53
23,3859,63.53
23,3860,63.53
23,3861,63.53
23,3862,63.53
23,3863,63.53
23,3864,63.53
23,3865,64.84
23,3866,64.84
23,3867,64.84
23,3868,64.84
23,3869,64.84
23,3870,64.84
23,3871,64.84
23,3872,64.84
23,3873,64.84
23,3874,64.84
23,3875,64.84
23,3876,64.84
23,3877,64.84
23,3878,64.84
23,3879,64.84
23,3880,64.84
23,3881,64.84
23,3882,64.84
23,3883,64.84
23,3884,64.84
23,3885,64.84
23,3886,64.84
23,3887,64.84
23,3888,66.33
23,3889,66.33
23,3890,66.33
23,3891,66.33
23,3892,66.33
23,3893,66.33
23,3894,66.33
23,3895,66.33
23,3896,66.33
23,3897,66.33
23,3898,66.33
23,3899,66.33
23,3900,66.33
23,3901,66.33
23,3902,66.33
23,3903,66.33
23,3904,66.33
23,3905,66.33
23,3906,66.33
23,3907,66.33
23,3908,66.33
23,3909,66.33
23,3910,66.33
23,3911,66.38
23,3912,66.38
23,3913,66.38
23,3914,66.38
23,3915,66.38
23,3916,66.38
23,3917,66.38
23,3918,66.38
23,3919,66.38
23,3920,66.38
23,3921,66.38
23,3922,66.38
23,3923,66.38
23,3924,66.38
23,3925,66.38
23,3926,66.38
23,3927,66.38
23,3928,66.38
23,3929,66.38
23,3930,66.38
23,3931,66.38
23,3932,66.38
23,3933,66.38
23,3934,68.02
23,3935,68.02
23,3936,68.02
23,3937,68.02
23,3938,68.02
23,3939,68.02
23,3940,68.02
23,3941,68.02
23,3942,68.02
23,3943,68.02
23,3944,68.02
23,3945,68.02
23,3946,68.02
23,3947,68.02
23,3948,68.02
23,3949,68.02
23,3950,68.02
23,3951,68.02
23,3952,68.02
23,3953,68.02
23,3954,68.02
23,3955,68.02
23,3956,68.02
23,3957,67.97
23,3958,67.97
23,3959,67.97
23,3960,67.97
23,3961,67.97
23,3962,67.97
23,3963,67.97
23,3964,67.97
23,3965,67.97
23,3966,67.97
23,3967,67.97
23,3968,67.97
23,3969,67.97
23,3970,67.97
23,3971,67.97
23,3972,67.97
23,3973,67.97
23,3974,67.97
23,3975,67.97
23,3976,67.97
23,3977,67.97
23,3978,67.97
23,3979,67.97
23,3980,67.97
23,3981,67.97
23,3982,67.97
23,3983,67.97
23,3984,67.97
23,3985,67.97
23,3986,67.97
23,3987,67.97
23,3988,67.97
23,3989,67.97
23,3990,67.97
23,3991,67.97
23,3992,67.97
23,3993,67.97
23,3994,67.97
23,3995,67.97
23,3996,67.97
23,3997,67.97
23,3998,67.97
23,3999,67.97
23,4000,67.97
23,4001,67.97
23,4002,67.97
23,4003,67.97
23,4004,67.97
23,4005,67.97
23,4006,67.97
23,4007,67.97
23,4008,67.97
23,4009,67.97
23,4010,67.97
23,4011,67.97
23,4012,67.97
23,4013,67.97
23,4014,67.97
23,4015,67.97
23,4016,67.97
23,4017,67.97
23,4018,67.97
23,4019,67.97
23,4020,67.97
23,4021,67.97
23,4022,67.97
23,4023,67.97
23,4024,67.97
23,4025,67.97
23,4026,67.97
23,4027,67.97
23,4028,67.97
23,4029,67.97
23,4030,67.97
23,4031,67.97
23,4032,67.97
23,4033,67.97
23,4034,67.97
23,4035,67.97
23,4036,67.97
23,4037,67.97
23,4038,67.97
23,4039,67.97
23,4040,67.97
23,4041,67.97
23,4042,67.97
23,4043,67.97
23,4044,67.97
23,4045,67.97
23,4046,67.97
23,4047,67.97
23,4048,67.97
23,4049,68.02
23,4050,68.02
23,4051,68.02
23,4052,68.02
23,4053,68.02
23,4054,68.02
23,4055,68.02
23,4056,68.02
23,4057,68.02
23,4058,68.02
23,4059,68.02
23,4060,68.02
23,4061,68.02
23,4062,68.02
23,4063,68.02
23,4064,68.02
23,4065,68.02
23,4066,68.02
23,4067,68.02
23,4068,68.02
23,4069,68.02
23,4070,68.02
23,4071,68.02
23,4072,68.09
23,4073,68.09
23,4074,68.09
23,4075,68.09
23,4076,68.09
23,4077,68.09
23,4078,68.09
23,4079,68.09
23,4080,68.09
23,4081,68.09
23,4082,68.09
23,4083,68.09
23,4084,68.09
23,4085,68.09
23,4086,68.09
23,4087,68.09
23,4088,68.09
23,4089,68.09
23,4090,68.09
23,4091,68.09
23,4092,68.09
23,4093,68.09
23,4094,68.09
23,4095,68.02
23,4096,68.02
23,4097,68.02
23,4098,68.02
23,4099,68.02
23,4100,68.02
23,4101,68.02
23,4102,68.02
23,4103,68.02
23,4104,68.02
23,4105,68.02
23,4106,68.02
23,4107,68.02
23,4108,68.02
23,4109,68.02
23,4110,68.02
23,4111,68.02
23,4112,68.02
23,4113,68.02
23,4114,68.02
23,4115,68.02
23,4116,68.02
23,4117,68.02
23,4118,69.12
23,4119,69.12
23,4120,69.12
23,4121,69.12
23,4122,69.12
23,4123,69.12
23,4124,69.12
23,4125,69.12
23,4126,69.12
23,4127,69.12
23,4128,69.12
23,4129,69.12
23,4130,69.12
23,4131,69.12
23,4132,69.12
23,4133,69.12
23,4134,69.12
23,4135,69.12
23,4136,69.12
23,4137,69.12
23,4138,69.12
23,4139,69.12
23,4140,69.12
23,4141,70.66
23,4142,70.66
23,4143,70.66
23,4144,70.66
23,4145,70.66
23,4146,70.66
23,4147,70.66
23,4148,70.66
23,4149,70.66
23,4150,70.66
23,4151,70.66
23,4152,70.66
23,4153,70.66
23,4154,70.66
23,4155,70.66
23,4156,70.66
23,4157,70.66
23,4158,70.66
23,4159,70.66
23,4160,70.66
23,4161,70.66
23,4162,70.66
23,4163,70.66
23,4164,71.93
23,4165,71.93
23,4166,71.93
23,4167,71.93
23,4168,71.93
23,4169,71.93
23,4170,71.93
23,4171,71.93
23,4172,71.93
23,4173,71.93
23,4174,71.93
23,4175,71.93
23,4176,71.93
23,4177,71.93
23,4178,71.93
23,4179,71.93
23,4180,71.93
23,4181,71.93
23,4182,71.93
23,4183,71.93
23,4184,71.93
23,4185,71.93
23,4186,71.93
23,4187,73.10
23,4188,73.10
23,4189,73.10
23,4190,73.10
23,4191,73.10
23,4192,73.10
23,4193,73.10
23,4194,73.10
23,4195,73.10
23,4196,73.10
23,4197,73.10
23,4198,73.10
23,4199,73.10
23,4200,73.10
23,4201,73.10
23,4202,73.10
23,4203,73.10
23,4204,73.10
23,4205,73.10
23,4206,73.10
23,4207,73.10
23,4208,73.10
23,4209,73.10
23,4210,74.17
23,4211,74.17
23,4212,74.17
23,4213,74.17
23,4214,74.17
23,4215,74.17
23,4216,74.17
23,4217,74.17
23,4218,74.17
23,4219,74.17
23,4220,74.17
23,4221,74.17
23,4222,74.17
23,4223,74.17
23,4224,74.17
23,4225,74.17
23,4226,74.17
23,4227,74.17
23,4228,74.17
23,4229,74.17
23,4230,74.17
23,4231,74.17
23,4232,74.17
23,4233,75.37
23,4234,75.37
23,4235,75.37
23,4236,75.37
23,4237,75.37
23,4238,75.37
23,4239,75.37
23,4240,75.37
23,4241,75.37
23,4242,75.37
23,4243,75.37
23,4244,75.37
23,4245,75.37
23,4246,75.37
23,4247,75.37
23,4248,75.37
23,4249,75.37
23,4250,75.37
23,4251,75.37
23,4252,75.37
23,4253,75.37
23,4254,75.37
23,4255,75.37
23,4256,76.93
23,4257,76.93
23,4258,76.93
23,4259,76.93
23,4260,76.93
23,4261,76.93
23,4262,76.93
23,4263,76.93
23,4264,76.93
23,4265,76.93
23,4266,76.93
23,4267,76.93
23,4268,76.93
23,4269,76.93
23,4270,76.93
23,4271,76.93
23,4272,76.93
23,4273,76.93
23,4274,76.93
23,4275,76.93
23,4276,76.93
23,4277,76.93
23,4278,76.93
23,4279,76.81
23,4280,76.81
23,4281,76.81
23,4282,76.81
23,4283,76.81
23,4284,76.81
23,4285,76.81
23,4286,76.81
23,4287,76.81
23,4288,76.81
23,4289,76.81
23,4290,76.81
23,4291,76.81
23,4292,76.81
23,4293,76.81
23,4294,76.81
23,4295,76.81
23,4296,76.81
23,4297,76.81
23,4298,76.81
23,4299,76.81
23,4300,76.81
23,4301,76.81
23,4302,76.66
23,4303,76.66
23,4304,76.66
23,4305,76.66
23,4306,76.66
23,4307,76.66
23,4308,76.66
23,4309,76.66
23,4310,76.66
23,4311,76.66
23,4312,76.66
23,4313,76.66
23,4314,76.66
23,4315,76.66
23,4316,76.66
23,4317,76.66
23,4318,76.66
23,4319,76.66
23,4320,76.66
23,4321,76.66
23,4322,76.66
23,4323,76.66
23,4324,76.66
23,4325,76.61
23,4326,76.61
23,4327,76.61
23,4328,76.61
23,4329,76.61
23,4330,76.61
23,4331,76.61
23,4332,76.61
23,4333,76.61
23,4334,76.61
23,4335,76.61
23,4336,76.61
23,4337,76.61
23,4338,76.61
23,4339,76.61
23,4340,76.61
23,4341,76.61
23,4342,76.61
23,4343,76.61
23,4344,76.61
23,4345,76.61
23,4346,76.61
23,4347,76.61
23,4348,77.83
23,4349,77.83
23,4350,77.83
23,4351,77.83
23,4352,77.83
23,4353,77.83
23,4354,77.83
23,4355,77.83
23,4356,77.83
23,4357,77.83
23,4358,77.83
23,4359,77.83
23,4360,77.83
23,4361,77.83
23,4362,77.83
23,4363,77.83
23,4364,77.83
23,4365,77.83
23,4366,77.83
23,4367,77.83
23,4368,77.83
23,4369,77.83
23,4370,77.83
23,4371,77.76
23,4372,77.76
23,4373,77.76
23,4374,77.76
23,4375,77.76
23,4376,77.76
23,4377,77.76
23,4378,77.76
23,4379,77.76
23,4380,77.76
23,4381,77.76
23,4382,77.76
23,4383,77.76
23,4384,77.76
23,4385,77.76
23,4386,77.76
23,4387,77.76
23,4388,77.76
23,4389,77.76
23,4390,77.76
23,4391,77.76
23,4392,77.76
23,4393,77.76
23,4394,77.71
23,4395,77.71
23,4396,77.71
23,4397,77.71
23,4398,77.71
23,4399,77.71
23,4400,77.71
23,4401,77.71
23,4402,77.71
23,4403,77.71
23,4404,77.71
23,4405,77.71
23,4406,77.71
23,4407,77.71
23,4408,77.71
23,4409,77.71
23,4410,77.71
23,4411,77.71
23,4412,77.71
23,4413,77.71
23,4414,77.71
23,4415,77.71
23,4416,77.71
23,4417,78.74
23,4418,78.74
23,4419,78.74
23,4420,78.74
23,4421,78.74
23,4422,78.74
23,4423,78.74
23,4424,78.74
23,4425,78.74
23,4426,78.74
23,4427,78.74
23,4428,78.74
23,4429,78.74
23,4430,78.74
23,4431,78.74
23,4432,78.74
23,4433,78.74
23,4434,78.74
23,4435,78.74
23,4436,78.74
23,4437,78.74
23,4438,78.74
23,4439,78.74
23,4440,78.64
23,4441,78.64
23,4442,78.64
23,4443,78.64
23,4444,78.64
23,4445,78.64
23,4446,78.64
23,4447,78.64
23,4448,78.64
23,4449,78.64
23,4450,78.64
23,4451,78.64
23,4452,78.64
23,4453,78.64
23,4454,78.64
23,4455,78.64
23,4456,78.64
23,4457,78.64
23,4458,78.64
23,4459,78.64
23,4460,78.64
23,4461,78.64
23,4462,78.64
23,4463,78.93
23,4464,78.93
23,4465,78.93
23,4466,78.93
23,4467,78.93
23,4468,78.93
23,4469,78.93
23,4470,78.93
23,4471,78.93
23,4472,78.93
23,4473,78.93
23,4474,78.93
23,4475,78.93
23,4476,78.93
23,4477,78.93
23,4478,78.93
23,4479,78.93
23,4480,78.93
23,4481,78.93
23,4482,78.93
23,4483,78.93
23,4484,78.93
23,4485,78.93
23,4486,79.93
23,4487,79.93
23,4488,79.93
23,4489,79.93
23,4490,79.93
23,4491,79.93
23,4492,79.93
23,4493,79.93
23,4494,79.93
23,4495,79.93
23,4496,79.93
23,4497,79.93
23,4498,79.93
23,4499,79.93
23,4500,79.93
23,4501,79.93
23,4502,79.93
23,4503,79.93
23,4504,79.93
23,4505,79.93
23,4506,79.93
23,4507,79.93
23,4508,79.93
23,4509,80.96
23,4510,80.96
23,4511,80.96
23,4512,80.96
23,4513,80.96
23,4514,80.96
23,4515,80.96
23,4516,80.96
23,4517,80.96
23,4518,80.96
23,4519,80.96
23,4520,80.96
23,4521,80.96
23,4522,80.96
23,4523,80.96
23,4524,80.96
23,4525,80.96
23,4526,80.96
23,4527,80.96
23,4528,80.96
23,4529,80.96
23,4530,80.96
23,4531,80.96
23,4532,80.86
23,4533,80.86
23,4534,80.86
23,4535,80.86
23,4536,80.86
23,4537,80.86
23,4538,80.86
23,4539,80.86
23,4540,80.86
23,4541,80.86
23,4542,80.86
23,4543,80.86
23,4544,80.86
23,4545,80.86
23,4546,80.86
23,4547,80.86
23,4548,80.86
23,4549,80.86
23,4550,80.86
23,4551,80.86
23,4552,80.86
23,4553,80.86
23,4554,80.86
23,4555,81.98
23,4556,81.98
23,4557,81.98
23,4558,81.98
23,4559,81.98
23,4560,81.98
23,4561,81.98
23,4562,81.98
23,4563,81.98
23,4564,81.98
23,4565,81.98
23,4566,81.98
23,4567,81.98
23,4568,81.98
23,4569,81.98
23,4570,81.98
23,4571,81.98
23,4572,81.98
23,4573,81.98
23,4574,81.98
23,4575,81.98
23,4576,81.98
23,4577,81.98
23,4578,81.98
23,4579,81.98
23,4580,81.98
23,4581,81.98
23,4582,81.98
23,4583,81.98
23,4584,81.98
23,4585,81.98
23,4586,81.98
23,4587,81.98
23,4588,81.98
23,4589,81.98
23,4590,81.98
23,4591,81.98
23,4592,81.98
23,4593,81.98
23,4594,81.98
23,4595,81.98
23,4596,81.98
23,4597,81.98
23,4598,81.98
23,4599,81.98
23,4600,81.98
23,4601,82.96
23,4602,82.96
23,4603,82.96
23,4604,82.96
23,4605,82.96
23,4606,82.96
23,4607,82.96
23,4608,82.96
23,4609,82.96
23,4610,82.96
23,4611,82.96
23,4612,82.96
23,4613,82.96
23,4614,82.96
23,4615,82.96
23,4616,82.96
23,4617,82.96
23,4618,82.96
23,4619,82.96
23,4620,82.96
23,4621,82.96
23,4622,82.96
23,4623,82.96
23,4624,82.81
23,4625,82.81
23,4626,82.81
23,4627,82.81
23,4628,82.81
23,4629,82.81
23,4630,82.81
23,4631,82.81
23,4632,82.81
23,4633,82.81
23,4634,82.81
23,4635,82.81
23,4636,82.81
23,4637,82.81
23,4638,82.81
23,4639,82.81
23,4640,82.81
23,4641,82.81
23,4642,82.81
23,4643,82.81
23,4644,82.81
23,4645,82.81
23,4646,82.81
23,4647,82.74
23,4648,82.74
23,4649,82.74
23,4650,82.74
23,4651,82.74
23,4652,82.74
23,4653,82.74
23,4654,82.74
23,4655,82.74
23,4656,82.74
23,4657,82.74
23,4658,82.74
23,4659,82.74
23,4660,82.74
23,4661,82.74
23,4662,82.74
23,4663,82.74
23,4664,82.74
23,4665,82.74
23,4666,82.74
23,4667,82.74
23,4668,82.74
23,4669,82.74
23,4670,82.91
23,4671,82.91
23,4672,82.91
23,4673,82.91
23,4674,82.91
23,4675,82.91
23,4676,82.91
23,4677,82.91
23,4678,82.91
23,4679,82.91
23,4680,82.91
23,4681,82.91
23,4682,82.91
23,4683,82.91
23,4684,82.91
23,4685,82.91
23,4686,82.91
23,4687,82.91
23,4688,82.91
23,4689,82.91
23,4690,82.91
23,4691,82.91
23,4692,82.91
23,4693,83.08
23,4694,83.08
23,4695,83.08
23,4696,83.08
23,4697,83.08
23,4698,83.08
23,4699,83.08
23,4700,83.08
23,4701,83.08
23,4702,83.08
23,4703,83.08
23,4704,83.08
23,4705,83.08
23,4706,83.08
23,4707,83.08
23,4708,83.08
23,4709,83.08
23,4710,83.08
23,4711,83.08
23,4712,83.08
23,4713,83.08
23,4714,83.08
23,4715,83.08
23,4716,82.94
23,4717,82.94
23,4718,82.94
23,4719,82.94
23,4720,82.94
23,4721,82.94
23,4722,82.94
23,4723,82.94
23,4724,82.94
23,4725,82.94
23,4726,82.94
23,4727,82.94
23,4728,82.94
23,4729,82.94
23,4730,82.94
23,4731,82.94
23,4732,82.94
23,4733,82.94
23,4734,82.94
23,4735,82.94
23,4736,82.94
23,4737,82.94
23,4738,82.94
23,4739,82.99
23,4740,82.99
23,4741,82.99
23,4742,82.99
23,4743,82.99
23,4744,82.99
23,4745,82.99
23,4746,82.99
23,4747,82.99
23,4748,82.99
23,4749,82.99
23,4750,82.99
23,4751,82.99
23,4752,82.99
23,4753,82.99
23,4754,82.99
23,4755,82.99
23,4756,82.99
23,4757,82.99
23,4758,82.99
23,4759,82.99
23,4760,82.99
23,4761,82.99
23,4762,82.86
23,4763,82.86
23,4764,82.86
23,4765,82.86
23,4766,82.86
23,4767,82.86
23,4768,82.86
23,4769,82.86
23,4770,82.86
23,4771,82.86
23,4772,82.86
23,4773,82.86
23,4774,82.86
23,4775,82.86
23,4776,82.86
23,4777,82.86
23,4778,82.86
23,4779,82.86
23,4780,82.86
23,4781,82.86
23,4782,82.86
23,4783,82.86
23,4784,82.86
23,4785,83.91
23,4786,83.91
23,4787,83.91
23,4788,83.91
23,4789,83.91
23,4790,83.91
23,4791,83.91
23,4792,83.91
23,4793,83.91
23,4794,83.91
23,4795,83.91
23,4796,83.91
23,4797,83.91
23,4798,83.91
23,4799,83.91
23,4800,83.91
23,4801,83.91
23,4802,83.91
23,4803,83.91
23,4804,83.91
23,4805,83.91
23,4806,83.91
23,4807,83.91
23,4808,84.89
23,4809,84.89
23,4810,84.89
23,4811,84.89
23,4812,84.89
23,4813,84.89
23,4814,84.89
23,4815,84.89
23,4816,84.89
23,4817,84.89
23,4818,84.89
23,4819,84.89
23,4820,84.89
23,4821,84.89
23,4822,84.89
23,4823,84.89
23,4824,84.89
23,4825,84.89
23,4826,84.89
23,4827,84.89
23,4828,84.89
23,4829,84.89
23,4830,84.89
23,4831,85.86
23,4832,85.86
23,4833,85.86
23,4834,85.86
23,4835,85.86
23,4836,85.86
23,4837,85.86
23,4838,85.86
23,4839,85.86
23,4840,85.86
23,4841,85.86
23,4842,85.86
23,4843,85.86
23,4844,85.86
23,4845,85.86
23,4846,85.86
23,4847,85.86
23,4848,85.86
23,4849,85.86
23,4850,85.86
23,4851,85.86
23,4852,85.86
23,4853,85.86
23,4854,85.92
23,4855,85.92
23,4856,85.92
23,4857,85.92
23,4858,85.92
23,4859,85.92
23,4860,85.92
23,4861,85.92
23,4862,85.92
23,4863,85.92
23,4864,85.92
23,4865,85.92
23,4866,85.92
23,4867,85.92
23,4868,85.92
23,4869,85.92
23,4870,85.92
23,4871,85.92
23,4872,85.92
23,4873,85.92
23,4874,85.92
23,4875,85.92
23,4876,85.92
23,4877,86.82
23,4878,86.82
23,4879,86.82
23,4880,86.82
23,4881,86.82
23,4882,86.82
23,4883,86.82
23,4884,86.82
23,4885,86.82
23,4886,86.82
23,4887,86.82
23,4888,86.82
23,4889,86.82
23,4890,86.82
23,4891,86.82
23,4892,86.82
23,4893,86.82
23,4894,86.82
23,4895,86.82
23,4896,86.82
23,4897,86.82
23,4898,86.82
23,4899,86.82
23,4900,87.75
23,4901,87.75
23,4902,87.75
23,4903,87.75
23,4904,87.75
23,4905,87.75
23,4906,87.75
23,4907,87.75
23,4908,87.75
23,4909,87.75
23,4910,87.75
23,4911,87.75
23,4912,87.75
23,4913,87.75
23,4914,87.75
23,4915,87.75
23,4916,87.75
23,4917,87.75
23,4918,87.75
23,4919,87.75
23,4920,87.75
23,4921,87.75
23,4922,87.75
23,4923,88.77
23,4924,88.77
23,4925,88.77
23,4926,88.77
23,4927,88.77
23,4928,88.77
23,4929,88.77
23,4930,88.77
23,4931,88.77
23,4932,88.77
23,4933,88.77
23,4934,88.77
23,4935,88.77
23,4936,88.77
23,4937,88.77
23,4938,88.77
23,4939,88.77
23,4940,88.77
23,4941,88.77
23,4942,88.77
23,4943,88.77
23,4944,88.77
23,4945,88.77
23,4946,89.70
23,4947,89.70
23,4948,89.70
23,4949,89.70
23,4950,89.70
23,4951,89.70
23,4952,89.70
23,4953,89.70
23,4954,89.70
23,4955,89.70
23,4956,89.70
23,4957,89.70
23,4958,89.70
23,4959,89.70
23,4960,89.70
23,4961,89.70
23,4962,89.70
23,4963,89.70
23,4964,89.70
23,4965,89.70
23,4966,89.70
23,4967,89.70
23,4968,89.70
23,4969,89.70
23,4970,89.70
23,4971,89.70
23,4972,89.70
23,4973,89.70
23,4974,89.70
23,4975,89.70
23,4976,89.70
23,4977,89.70
23,4978,89.70
23,4979,89.70
23,4980,89.70
23,4981,89.70
23,4982,89.70
23,4983,89.70
23,4984,89.70
23,4985,89.70
23,4986,89.70
23,4987,89.70
23,4988,89.70
23,4989,89.70
23,4990,89.70
23,4991,89.70
23,4992,90.75
23,4993,90.75
23,4994,90.75
23,4995,90.75
23,4996,90.75
23,4997,90.75
23,4998,90.75
23,4999,90.75
23,5000,90.75
